,country,Code,Year,Schizophrenia,Depression,Anxiety,Bipolar,Eating
60,Albania,ALB,1990,0.2811975,2.3814309,3.659145,0.54124945,0.10373676
61,Albania,ALB,1991,0.280868,2.3822474,3.663672,0.5413307,0.10187746
62,Albania,ALB,1992,0.28062224,2.3838189,3.6683939,0.5414273,0.10027108
63,Albania,ALB,1993,0.2804561,2.387142,3.6732259,0.54153633,0.09921742
64,Albania,ALB,1994,0.2803648,2.3903685,3.6780229,0.5416542,0.098728485
65,Albania,ALB,1995,0.2803426,2.3942912,3.6827402,0.54178095,0.098616816
66,Albania,ALB,1996,0.28047624,2.4019294,3.6875575,0.541907,0.09891043
67,Albania,ALB,1997,0.28081706,2.4101064,3.6883552,0.5418636,0.099392794
68,Albania,ALB,1998,0.2812289,2.4187148,3.6893678,0.5418271,0.099780716
69,Albania,ALB,1999,0.28154427,2.4340425,3.699189,0.54215395,0.10132116
70,Albania,ALB,2000,0.28172776,2.4477215,3.7076585,0.54245573,0.10265916
71,Albania,ALB,2001,0.28181994,2.4539328,3.7104988,0.5425348,0.10415317
72,Albania,ALB,2002,0.2818834,2.4615242,3.7131746,0.54258114,0.10573936
73,Albania,ALB,2003,0.28195274,2.4676032,3.7156525,0.542598,0.10845551
74,Albania,ALB,2004,0.28206202,2.472387,3.7179503,0.5425958,0.11036979
75,Albania,ALB,2005,0.28224605,2.4724932,3.7197618,0.54257834,0.11257821
76,Albania,ALB,2006,0.28265354,2.4696515,3.723458,0.5425454,0.114303075
77,Albania,ALB,2007,0.2833063,2.462645,3.730676,0.54250324,0.116639026
78,Albania,ALB,2008,0.28405136,2.4544492,3.739848,0.54245985,0.11902477
79,Albania,ALB,2009,0.28473735,2.4469562,3.7492957,0.5424172,0.120946944
80,Albania,ALB,2010,0.28521284,2.4427185,3.75714,0.5423738,0.12297751
81,Albania,ALB,2011,0.2855792,2.4411948,3.7670379,0.54233027,0.12472777
82,Albania,ALB,2012,0.2859981,2.440708,3.7816541,0.5422916,0.12626739
83,Albania,ALB,2013,0.2864069,2.44142,3.7977457,0.5422711,0.12809084
84,Albania,ALB,2014,0.2867512,2.4422417,3.8113623,0.5422515,0.12968343
85,Albania,ALB,2015,0.28698042,2.4422338,3.8181894,0.54220194,0.13121219
86,Albania,ALB,2016,0.28713554,2.441605,3.8151882,0.542146,0.1328488
87,Albania,ALB,2017,0.28724706,2.4435818,3.8113596,0.54210234,0.13404264
88,Albania,ALB,2018,0.2873577,2.4494267,3.8191874,0.5420571,0.13548058
89,Albania,ALB,2019,0.2875006,2.4602032,3.8375373,0.5420086,0.1366484
180,Andorra,AND,1990,0.29023206,3.668154,5.32768,0.9261614,0.47371855
181,Andorra,AND,1991,0.28985038,3.6559927,5.333945,0.9257051,0.46902737
182,Andorra,AND,1992,0.28930002,3.64738,5.34781,0.92605585,0.46828973
183,Andorra,AND,1993,0.2888355,3.6373713,5.3523335,0.92562616,0.46670556
184,Andorra,AND,1994,0.2883545,3.632543,5.366859,0.92654884,0.46823892
185,Andorra,AND,1995,0.28799787,3.6310887,5.378946,0.92754626,0.47067797
186,Andorra,AND,1996,0.2877148,3.62898,5.388682,0.92819077,0.4732312
187,Andorra,AND,1997,0.2873372,3.6213713,5.387534,0.9283444,0.47484243
188,Andorra,AND,1998,0.28698432,3.6140285,5.393537,0.9286651,0.47759396
189,Andorra,AND,1999,0.28666797,3.6068432,5.397145,0.92892593,0.48011905
190,Andorra,AND,2000,0.28650168,3.601976,5.4025874,0.92951477,0.4839518
191,Andorra,AND,2001,0.28657487,3.600101,5.4112263,0.93045986,0.49034715
192,Andorra,AND,2002,0.28680837,3.5911722,5.4166856,0.9315484,0.49797443
193,Andorra,AND,2003,0.28718013,3.580245,5.418085,0.93223345,0.5055317
194,Andorra,AND,2004,0.28757557,3.567096,5.4150133,0.9324782,0.5103438
195,Andorra,AND,2005,0.28779,3.561095,5.414975,0.93285686,0.5130425
196,Andorra,AND,2006,0.28777832,3.5521357,5.405711,0.9325398,0.5138049
197,Andorra,AND,2007,0.2876476,3.5443544,5.395269,0.9325436,0.51466006
198,Andorra,AND,2008,0.28747034,3.5360482,5.3879724,0.9328454,0.51686925
199,Andorra,AND,2009,0.28725952,3.531958,5.385251,0.9333272,0.5182615
200,Andorra,AND,2010,0.28714484,3.5310767,5.3854113,0.9337075,0.51915604
201,Andorra,AND,2011,0.28702903,3.5470457,5.4123893,0.9359039,0.5203454
202,Andorra,AND,2012,0.28701997,3.5531306,5.4252,0.93590313,0.5166277
203,Andorra,AND,2013,0.28690478,3.5612671,5.44299,0.9361461,0.513501
204,Andorra,AND,2014,0.28686962,3.5669975,5.455121,0.9358926,0.51054364
205,Andorra,AND,2015,0.2868682,3.5686946,5.4587154,0.93554664,0.5076777
206,Andorra,AND,2016,0.28703368,3.5636458,5.4553576,0.9353136,0.51065004
207,Andorra,AND,2017,0.28720796,3.560528,5.453026,0.93498117,0.5153774
208,Andorra,AND,2018,0.28699273,3.574782,5.4531283,0.9348683,0.5177146
209,Andorra,AND,2019,0.28651825,3.6072073,5.45341,0.93481266,0.5208916
390,Austria,AUT,1990,0.2759298,3.6316159,5.7173142,0.90213525,0.4184564
391,Austria,AUT,1991,0.27569294,3.6203082,5.746825,0.90194654,0.42482075
392,Austria,AUT,1992,0.27548993,3.6056612,5.7715983,0.90180904,0.430044
393,Austria,AUT,1993,0.27532542,3.591711,5.7906623,0.90171635,0.43580726
394,Austria,AUT,1994,0.27520266,3.5727391,5.80268,0.901654,0.44142702
395,Austria,AUT,1995,0.27512625,3.5538495,5.8068156,0.9016231,0.44745013
396,Austria,AUT,1996,0.27511743,3.5290906,5.8021173,0.90163714,0.45364082
397,Austria,AUT,1997,0.2751634,3.4928606,5.790478,0.90166837,0.4600033
398,Austria,AUT,1998,0.27523252,3.4505806,5.7764673,0.9017106,0.4664338
399,Austria,AUT,1999,0.27529442,3.4085689,5.7643733,0.9017383,0.47292206
400,Austria,AUT,2000,0.27531537,3.3730147,5.7588873,0.9017546,0.4785858
401,Austria,AUT,2001,0.2753292,3.3421907,5.76347,0.9017828,0.48539114
402,Austria,AUT,2002,0.27537015,3.3078835,5.7752576,0.90180296,0.49294817
403,Austria,AUT,2003,0.2754227,3.2760923,5.7907057,0.9018226,0.5005945
404,Austria,AUT,2004,0.2754722,3.2449446,5.8057036,0.9018207,0.5077192
405,Austria,AUT,2005,0.27549613,3.2177966,5.8164845,0.9018031,0.51429474
406,Austria,AUT,2006,0.27552652,3.1890857,5.830372,0.90180916,0.5215775
407,Austria,AUT,2007,0.27558753,3.1565373,5.8527355,0.90183544,0.53044736
408,Austria,AUT,2008,0.27565533,3.1266346,5.8776236,0.90187377,0.53840405
409,Austria,AUT,2009,0.275704,3.1034918,5.898953,0.90190077,0.5459628
410,Austria,AUT,2010,0.275704,3.0920737,5.910921,0.9019149,0.5513747
411,Austria,AUT,2011,0.27560493,3.0925705,5.91934,0.90190107,0.55502725
412,Austria,AUT,2012,0.27541992,3.0992143,5.931905,0.9018285,0.5582181
413,Austria,AUT,2013,0.2752243,3.1081657,5.9454136,0.90168726,0.56103206
414,Austria,AUT,2014,0.27508944,3.1144185,5.9566393,0.901455,0.5628904
415,Austria,AUT,2015,0.2750848,3.117166,5.963028,0.9011552,0.5627958
416,Austria,AUT,2016,0.27593783,3.1172068,5.983274,0.90091336,0.5598134
417,Austria,AUT,2017,0.27685928,3.1176713,6.0037413,0.9007627,0.55712646
418,Austria,AUT,2018,0.27697054,3.120435,6.007505,0.90060717,0.55835485
419,Austria,AUT,2019,0.27674544,3.125201,6.0064344,0.90043485,0.5622296
570,Bielorrusia,BLR,1990,0.27143964,3.9234912,3.531769,0.5214641,0.110925175
571,Bielorrusia,BLR,1991,0.2711495,3.9342315,3.531525,0.52141404,0.109483406
572,Bielorrusia,BLR,1992,0.27088022,3.9475007,3.531061,0.52136785,0.107908435
573,Bielorrusia,BLR,1993,0.27064517,3.9631433,3.530581,0.52133095,0.106690764
574,Bielorrusia,BLR,1994,0.27045876,3.9778185,3.5299604,0.52130306,0.10523516
575,Bielorrusia,BLR,1995,0.27033705,3.9915447,3.529267,0.52128,0.10373212
576,Bielorrusia,BLR,1996,0.27023345,4.009399,3.528272,0.5212608,0.1025335
577,Bielorrusia,BLR,1997,0.27011237,4.034576,3.5268185,0.5212368,0.101254396
578,Bielorrusia,BLR,1998,0.2699983,4.0586615,3.5253568,0.52121997,0.1002217
579,Bielorrusia,BLR,1999,0.2699176,4.0794196,3.5240104,0.52121127,0.099186875
580,Bielorrusia,BLR,2000,0.26989874,4.0918536,3.5228252,0.52120125,0.09925466
581,Bielorrusia,BLR,2001,0.2699878,4.0966105,3.521141,0.52119553,0.099894375
582,Bielorrusia,BLR,2002,0.27018493,4.1028614,3.51859,0.52119213,0.10093053
583,Bielorrusia,BLR,2003,0.2704434,4.103709,3.5159032,0.52119684,0.102895
584,Bielorrusia,BLR,2004,0.27071837,4.104315,3.513435,0.52120095,0.10501632
585,Bielorrusia,BLR,2005,0.27096403,4.0988197,3.5119147,0.5212048,0.106956296
586,Bielorrusia,BLR,2006,0.27131802,4.078114,3.5106103,0.52121115,0.109090164
587,Bielorrusia,BLR,2007,0.27187908,4.041458,3.508245,0.52120125,0.11159433
588,Bielorrusia,BLR,2008,0.27253366,3.99703,3.5057619,0.52119315,0.11437235
589,Bielorrusia,BLR,2009,0.27317077,3.9585407,3.503633,0.52118677,0.11702941
590,Bielorrusia,BLR,2010,0.27368024,3.9347,3.5022798,0.5211785,0.11944295
591,Bielorrusia,BLR,2011,0.2742778,3.922725,3.5010548,0.5211749,0.12181314
592,Bielorrusia,BLR,2012,0.27513677,3.9135807,3.4986422,0.5211533,0.12428703
593,Bielorrusia,BLR,2013,0.27607197,3.904299,3.4958112,0.5211224,0.12694465
594,Bielorrusia,BLR,2014,0.2768987,3.8970487,3.4930503,0.52108866,0.12941444
595,Bielorrusia,BLR,2015,0.2774349,3.8928354,3.490736,0.52105135,0.13096942
596,Bielorrusia,BLR,2016,0.27772522,3.8953915,3.4861212,0.5210136,0.1318798
597,Bielorrusia,BLR,2017,0.27784362,3.8943806,3.4813712,0.5209698,0.13296206
598,Bielorrusia,BLR,2018,0.27770308,3.870581,3.4809403,0.52092916,0.13347198
599,Bielorrusia,BLR,2019,0.2773241,3.824539,3.4831994,0.5208894,0.1341819
600,Bélgica,BEL,1990,0.2745141,3.3043332,4.9903364,0.89738375,0.3631707
601,Bélgica,BEL,1991,0.27465293,3.2905962,4.992189,0.8973624,0.36714303
602,Bélgica,BEL,1992,0.27474725,3.279841,4.992266,0.89736056,0.3709203
603,Bélgica,BEL,1993,0.27480245,3.2717407,4.991176,0.8973821,0.37502402
604,Bélgica,BEL,1994,0.2748201,3.2677407,4.989281,0.89741033,0.37757772
605,Bélgica,BEL,1995,0.27480116,3.264437,4.9870434,0.89744174,0.38023952
606,Bélgica,BEL,1996,0.27469695,3.2608097,4.977913,0.89748764,0.38198897
607,Bélgica,BEL,1997,0.27449498,3.2541459,4.959256,0.89753646,0.38382334
608,Bélgica,BEL,1998,0.27425933,3.2491534,4.9377594,0.8975831,0.3852944
609,Bélgica,BEL,1999,0.27405632,3.2505589,4.9201126,0.8976154,0.38744992
610,Bélgica,BEL,2000,0.2739478,3.260707,4.9130864,0.89764214,0.3893974
611,Bélgica,BEL,2001,0.2739345,3.2790265,4.9149637,0.8979411,0.39241806
612,Bélgica,BEL,2002,0.27396008,3.2974474,4.918749,0.8986072,0.39610875
613,Bélgica,BEL,2003,0.2740001,3.317652,4.9234123,0.89940006,0.39989844
614,Bélgica,BEL,2004,0.27403557,3.3399148,4.9279165,0.9000595,0.40409118
615,Bélgica,BEL,2005,0.27404436,3.3646903,4.931271,0.90034026,0.4071641
616,Bélgica,BEL,2006,0.2740263,3.410445,4.940288,0.90035564,0.40980622
617,Bélgica,BEL,2007,0.27400213,3.4814527,4.958886,0.9003685,0.4125902
618,Bélgica,BEL,2008,0.27397212,3.5586588,4.98185,0.9003901,0.4146189
619,Bélgica,BEL,2009,0.2739439,3.6206412,5.0039754,0.900405,0.4175397
620,Bélgica,BEL,2010,0.2739223,3.6478279,5.0200486,0.900408,0.41880637
621,Bélgica,BEL,2011,0.2739011,3.6392348,5.034762,0.90041107,0.42080608
622,Bélgica,BEL,2012,0.27387935,3.6182528,5.0539336,0.9004145,0.4234204
623,Bélgica,BEL,2013,0.27386346,3.5918112,5.0737395,0.90042275,0.4255563
624,Bélgica,BEL,2014,0.27386415,3.5673435,5.090465,0.9004224,0.42841125
625,Bélgica,BEL,2015,0.27389416,3.5513406,5.100454,0.900407,0.4296135
626,Bélgica,BEL,2016,0.27434295,3.5443187,5.097948,0.90038335,0.43202114
627,Bélgica,BEL,2017,0.27478394,3.539347,5.0885506,0.90036076,0.43470827
628,Bélgica,BEL,2018,0.27464777,3.539191,5.0731163,0.900339,0.43582413
629,Bélgica,BEL,2019,0.27416807,3.5420222,5.04724,0.90031374,0.4368189
780,Bosnia y Herzegovina,BIH,1990,0.27696356,3.2764046,3.5382397,0.5487722,0.09063498
781,Bosnia y Herzegovina,BIH,1991,0.2762432,3.2690053,3.5420632,0.5487882,0.08783279
782,Bosnia y Herzegovina,BIH,1992,0.27577436,3.2627378,3.5489717,0.548972,0.085803516
783,Bosnia y Herzegovina,BIH,1993,0.27553207,3.2578332,3.556394,0.54918545,0.08487921
784,Bosnia y Herzegovina,BIH,1994,0.27545986,3.2541153,3.5638275,0.5494246,0.084609084
785,Bosnia y Herzegovina,BIH,1995,0.2754916,3.253745,3.5717223,0.5497279,0.0846893
786,Bosnia y Herzegovina,BIH,1996,0.27620372,3.2431839,3.5728512,0.549703,0.08627834
787,Bosnia y Herzegovina,BIH,1997,0.27780327,3.2260327,3.5676796,0.5493746,0.08936566
788,Bosnia y Herzegovina,BIH,1998,0.27973095,3.2080703,3.5635357,0.5490844,0.093801424
789,Bosnia y Herzegovina,BIH,1999,0.28146333,3.1894882,3.5624611,0.54894334,0.09851672
790,Bosnia y Herzegovina,BIH,2000,0.28250524,3.1717813,3.5625784,0.548888,0.10215539
791,Bosnia y Herzegovina,BIH,2001,0.28300986,3.146031,3.5616548,0.5488198,0.10492672
792,Bosnia y Herzegovina,BIH,2002,0.28346077,3.1100354,3.5588868,0.54868704,0.10730806
793,Bosnia y Herzegovina,BIH,2003,0.283852,3.0688863,3.5559418,0.5485468,0.10994467
794,Bosnia y Herzegovina,BIH,2004,0.28416702,3.0271466,3.5550015,0.5485055,0.11248996
795,Bosnia y Herzegovina,BIH,2005,0.28441438,2.9885561,3.555784,0.5485401,0.11473879
796,Bosnia y Herzegovina,BIH,2006,0.2847035,2.9470263,3.5559485,0.54852843,0.11690388
797,Bosnia y Herzegovina,BIH,2007,0.28506815,2.8988833,3.5564504,0.54852134,0.118606076
798,Bosnia y Herzegovina,BIH,2008,0.2854324,2.8534157,3.5582962,0.54857594,0.120716326
799,Bosnia y Herzegovina,BIH,2009,0.28574106,2.8153293,3.559819,0.5486406,0.12245999
800,Bosnia y Herzegovina,BIH,2010,0.28593698,2.787584,3.5603528,0.5486953,0.12401544
801,Bosnia y Herzegovina,BIH,2011,0.28605464,2.7690966,3.5582404,0.54873204,0.1252981
802,Bosnia y Herzegovina,BIH,2012,0.2861758,2.7505484,3.5531132,0.54875153,0.12673295
803,Bosnia y Herzegovina,BIH,2013,0.28630486,2.7362797,3.5469809,0.5487742,0.12795201
804,Bosnia y Herzegovina,BIH,2014,0.2864464,2.7253609,3.5413043,0.54880935,0.12942567
805,Bosnia y Herzegovina,BIH,2015,0.2866122,2.7211125,3.537238,0.54883975,0.13051607
806,Bosnia y Herzegovina,BIH,2016,0.2872929,2.7212148,3.53214,0.5488675,0.13214958
807,Bosnia y Herzegovina,BIH,2017,0.28788903,2.7237337,3.5282176,0.5488927,0.13389814
808,Bosnia y Herzegovina,BIH,2018,0.2875818,2.7369013,3.530499,0.54891616,0.13516963
809,Bosnia y Herzegovina,BIH,2019,0.2866613,2.7624497,3.5371947,0.5489406,0.13697994
900,Bulgaria,BGR,1990,0.28386194,2.9944606,3.4293132,0.46688336,0.13563922
901,Bulgaria,BGR,1991,0.28358367,2.995995,3.4320326,0.4668948,0.13435154
902,Bulgaria,BGR,1992,0.28331092,2.9967184,3.433599,0.46690297,0.13291053
903,Bulgaria,BGR,1993,0.2830583,2.9948087,3.434278,0.46690968,0.13204037
904,Bulgaria,BGR,1994,0.28284198,2.9937124,3.43424,0.46691343,0.13109846
905,Bulgaria,BGR,1995,0.28267828,2.9906268,3.433526,0.4669119,0.12970461
906,Bulgaria,BGR,1996,0.28249067,2.9830887,3.4236763,0.46690297,0.12841393
907,Bulgaria,BGR,1997,0.28223285,2.9683194,3.4020238,0.46689636,0.1267556
908,Bulgaria,BGR,1998,0.28197008,2.9516468,3.376572,0.46689466,0.1253051
909,Bulgaria,BGR,1999,0.28177023,2.9340703,3.355146,0.46689206,0.1242591
910,Bulgaria,BGR,2000,0.2816996,2.9159844,3.34567,0.4668879,0.12393356
911,Bulgaria,BGR,2001,0.2818322,2.897138,3.345093,0.46688396,0.12419747
912,Bulgaria,BGR,2002,0.282141,2.8742213,3.345119,0.46688396,0.12528187
913,Bulgaria,BGR,2003,0.28254217,2.8505425,3.3455644,0.4668839,0.12663952
914,Bulgaria,BGR,2004,0.28295183,2.8270998,3.3463643,0.4668826,0.1285364
915,Bulgaria,BGR,2005,0.28328663,2.8056154,3.3473392,0.46687672,0.13026929
916,Bulgaria,BGR,2006,0.2836449,2.78487,3.3586426,0.46686152,0.13197805
917,Bulgaria,BGR,2007,0.28412932,2.762282,3.383903,0.46683532,0.13434958
918,Bulgaria,BGR,2008,0.28466606,2.742044,3.4128084,0.46679148,0.13691838
919,Bulgaria,BGR,2009,0.2851799,2.7248197,3.4351761,0.46672866,0.13938528
920,Bulgaria,BGR,2010,0.2855934,2.7112913,3.4410152,0.46664944,0.14163193
921,Bulgaria,BGR,2011,0.28600302,2.7003644,3.4329734,0.4665672,0.14322583
922,Bulgaria,BGR,2012,0.28650185,2.6894946,3.422339,0.46650815,0.14473698
923,Bulgaria,BGR,2013,0.28701606,2.6814547,3.4111712,0.4664714,0.14672525
924,Bulgaria,BGR,2014,0.2874742,2.676565,3.4013243,0.46645012,0.14818966
925,Bulgaria,BGR,2015,0.28780606,2.6727207,3.39465,0.4664348,0.1496691
926,Bulgaria,BGR,2016,0.28811494,2.6779902,3.3915794,0.4664225,0.15158065
927,Bulgaria,BGR,2017,0.28831697,2.6858947,3.3906965,0.4664138,0.15356614
928,Bulgaria,BGR,2018,0.28828052,2.6885443,3.3925362,0.46640617,0.15530984
929,Bulgaria,BGR,2019,0.28809503,2.6916606,3.3973696,0.46639755,0.15696159
1410,Croacia,HRV,1990,0.2926684,3.468403,3.5313487,0.54560494,0.15446846
1411,Croacia,HRV,1991,0.29189506,3.4624782,3.531396,0.54559755,0.15065205
1412,Croacia,HRV,1992,0.29122633,3.4526534,3.531808,0.54559386,0.14752515
1413,Croacia,HRV,1993,0.29069597,3.4422529,3.5325353,0.545593,0.14505924
1414,Croacia,HRV,1994,0.29033816,3.4296043,3.5334234,0.545597,0.1434317
1415,Croacia,HRV,1995,0.29018813,3.4163945,3.5343537,0.54560196,0.14223035
1416,Croacia,HRV,1996,0.2902159,3.400322,3.5368114,0.5456118,0.14243895
1417,Croacia,HRV,1997,0.29034358,3.3775141,3.5406656,0.5456162,0.14202346
1418,Croacia,HRV,1998,0.29052776,3.3507416,3.5448709,0.545615,0.14228594
1419,Croacia,HRV,1999,0.29072607,3.3228688,3.5481262,0.5456093,0.14243099
1420,Croacia,HRV,2000,0.2908964,3.297917,3.5492303,0.54559606,0.14276595
1421,Croacia,HRV,2001,0.29116163,3.2701638,3.54848,0.5455764,0.14375839
1422,Croacia,HRV,2002,0.29160044,3.2379515,3.5466363,0.5455445,0.14580826
1423,Croacia,HRV,2003,0.29210043,3.2042813,3.5444942,0.54550886,0.1482756
1424,Croacia,HRV,2004,0.2925495,3.1719928,3.5424652,0.5454722,0.15090466
1425,Croacia,HRV,2005,0.29283524,3.146126,3.5410843,0.5454385,0.15303388
1426,Croacia,HRV,2006,0.29302886,3.1226358,3.5405235,0.54540634,0.15474491
1427,Croacia,HRV,2007,0.2932535,3.0980554,3.540125,0.5453639,0.15692568
1428,Croacia,HRV,2008,0.29347146,3.075276,3.5401866,0.54532707,0.15840557
1429,Croacia,HRV,2009,0.29364666,3.056886,3.5406537,0.54529536,0.159574
1430,Croacia,HRV,2010,0.29374376,3.0437448,3.5413146,0.5452665,0.16102728
1431,Croacia,HRV,2011,0.29379448,3.0329254,3.544934,0.54523414,0.16161147
1432,Croacia,HRV,2012,0.2938508,3.0223985,3.5525165,0.5451964,0.16212529
1433,Croacia,HRV,2013,0.29390776,3.0129337,3.5617278,0.54516304,0.16291143
1434,Croacia,HRV,2014,0.29396144,3.0046828,3.570098,0.54512924,0.16315871
1435,Croacia,HRV,2015,0.29400748,2.9999287,3.575285,0.5451007,0.16369322
1436,Croacia,HRV,2016,0.29422173,3.0040376,3.5780432,0.5450728,0.16471277
1437,Croacia,HRV,2017,0.29442087,3.0106928,3.5801265,0.5450407,0.16613436
1438,Croacia,HRV,2018,0.29435205,3.0109425,3.58538,0.54501355,0.1677305
1439,Croacia,HRV,2019,0.29412583,3.0076077,3.5950115,0.5449874,0.169517
1470,Chipre,CYP,1990,0.27450326,3.1114776,6.309203,0.90676665,0.33874625
1471,Chipre,CYP,1991,0.27429906,3.0876963,6.3154855,0.9066384,0.34254375
1472,Chipre,CYP,1992,0.27413428,3.0664694,6.3232284,0.9065665,0.34547773
1473,Chipre,CYP,1993,0.2740105,3.0499046,6.331039,0.9065266,0.34911194
1474,Chipre,CYP,1994,0.27392605,3.0377831,6.3377333,0.90650845,0.3522346
1475,Chipre,CYP,1995,0.27388403,3.0325189,6.34245,0.9065072,0.35512492
1476,Chipre,CYP,1996,0.27389756,3.0339906,6.34828,0.9065241,0.35777134
1477,Chipre,CYP,1997,0.27396014,3.036215,6.357462,0.9065585,0.36020073
1478,Chipre,CYP,1998,0.27404937,3.0378346,6.367903,0.9066018,0.3629952
1479,Chipre,CYP,1999,0.27413937,3.0413344,6.377508,0.9066473,0.36550206
1480,Chipre,CYP,2000,0.2742071,3.0421557,6.384579,0.90670156,0.368247
1481,Chipre,CYP,2001,0.27431825,3.041273,6.3935905,0.90690553,0.37143892
1482,Chipre,CYP,2002,0.2745093,3.0378766,6.40788,0.90731436,0.3751132
1483,Chipre,CYP,2003,0.27472103,3.0346806,6.4239907,0.9078009,0.3791764
1484,Chipre,CYP,2004,0.27489445,3.0292952,6.4385767,0.90824616,0.38335
1485,Chipre,CYP,2005,0.27497107,3.0254085,6.4484305,0.9085382,0.3873378
1486,Chipre,CYP,2006,0.27495298,3.0153544,6.455378,0.9087214,0.39178142
1487,Chipre,CYP,2007,0.27489388,2.9986312,6.46308,0.90891725,0.39566207
1488,Chipre,CYP,2008,0.27481294,2.9813788,6.4708214,0.90911335,0.40029976
1489,Chipre,CYP,2009,0.27473226,2.9677322,6.4780493,0.90930474,0.40366805
1490,Chipre,CYP,2010,0.2746724,2.9638343,6.484162,0.9094894,0.4053917
1491,Chipre,CYP,2011,0.2745345,2.9693859,6.4914937,0.9096582,0.40491813
1492,Chipre,CYP,2012,0.27427214,2.9829354,6.50126,0.9098102,0.40384167
1493,Chipre,CYP,2013,0.27398068,2.999336,6.510966,0.9099433,0.40205657
1494,Chipre,CYP,2014,0.27375478,3.0125203,6.518057,0.91005874,0.40077922
1495,Chipre,CYP,2015,0.27368838,3.0200424,6.5200295,0.9101596,0.40038744
1496,Chipre,CYP,2016,0.27445996,3.0155115,6.4977756,0.9102467,0.40225446
1497,Chipre,CYP,2017,0.27521724,3.0121264,6.4726014,0.91031796,0.4050426
1498,Chipre,CYP,2018,0.27492255,3.0430932,6.46673,0.9103745,0.4060882
1499,Chipre,CYP,2019,0.27398312,3.1127021,6.4671764,0.9104203,0.40809122
1560,Dinamarca,DNK,1990,0.21588139,4.3909826,4.8099895,0.9496143,0.41118437
1561,Dinamarca,DNK,1991,0.21588486,4.3640523,4.8177924,0.94959,0.41247177
1562,Dinamarca,DNK,1992,0.21587719,4.328565,4.8247056,0.94957125,0.41322926
1563,Dinamarca,DNK,1993,0.21586382,4.291394,4.830106,0.9495614,0.4152265
1564,Dinamarca,DNK,1994,0.21584885,4.24892,4.834162,0.9495659,0.4170566
1565,Dinamarca,DNK,1995,0.21583435,4.203793,4.836399,0.9495721,0.4190727
1566,Dinamarca,DNK,1996,0.21580586,4.146024,4.8367753,0.94958603,0.4212797
1567,Dinamarca,DNK,1997,0.21576108,4.068902,4.8361273,0.949607,0.42466274
1568,Dinamarca,DNK,1998,0.21570309,3.9876378,4.8347464,0.9496215,0.42766583
1569,Dinamarca,DNK,1999,0.21564288,3.9077613,4.8335733,0.9496598,0.4306423
1570,Dinamarca,DNK,2000,0.21558674,3.8416915,4.8331356,0.9497058,0.43336776
1571,Dinamarca,DNK,2001,0.21542406,3.7883213,4.8333135,0.94881856,0.43697956
1572,Dinamarca,DNK,2002,0.21512239,3.7376266,4.8339915,0.946633,0.44035754
1573,Dinamarca,DNK,2003,0.21480212,3.6899285,4.8346615,0.9439888,0.44345278
1574,Dinamarca,DNK,2004,0.21458283,3.6493335,4.835232,0.9417859,0.4469175
1575,Dinamarca,DNK,2005,0.21458648,3.6151078,4.835422,0.9408773,0.4491398
1576,Dinamarca,DNK,2006,0.21741113,3.58285,4.8332257,0.9409052,0.45140344
1577,Dinamarca,DNK,2007,0.22392994,3.5521986,4.828784,0.94094557,0.45322025
1578,Dinamarca,DNK,2008,0.23168026,3.5246913,4.823805,0.9409634,0.45507848
1579,Dinamarca,DNK,2009,0.23819053,3.5045319,4.820482,0.9409952,0.45670235
1580,Dinamarca,DNK,2010,0.2409941,3.4930654,4.8208127,0.94102407,0.45769343
1581,Dinamarca,DNK,2011,0.2409809,3.4911556,4.8299036,0.9410235,0.45879945
1582,Dinamarca,DNK,2012,0.24075875,3.4912093,4.8479366,0.9410103,0.45912847
1583,Dinamarca,DNK,2013,0.24044524,3.4932568,4.8688307,0.9409444,0.45965907
1584,Dinamarca,DNK,2014,0.24015133,3.494156,4.8869395,0.94085705,0.4597326
1585,Dinamarca,DNK,2015,0.23999041,3.4930105,4.896541,0.94074917,0.46083546
1586,Dinamarca,DNK,2016,0.24008548,3.4778132,4.893634,0.94062287,0.46320453
1587,Dinamarca,DNK,2017,0.24028844,3.4658232,4.8873973,0.9405177,0.46608737
1588,Dinamarca,DNK,2018,0.24067952,3.4691179,4.8819747,0.94039935,0.46809715
1589,Dinamarca,DNK,2019,0.2413819,3.4828994,4.873904,0.94029397,0.47125348
1860,Estonia,EST,1990,0.28100607,4.681627,3.425218,0.5241366,0.14155334
1861,Estonia,EST,1991,0.28052524,4.66272,3.4248807,0.5241259,0.13943045
1862,Estonia,EST,1992,0.28015774,4.6491613,3.4252067,0.5241468,0.13747504
1863,Estonia,EST,1993,0.2799016,4.6397185,3.4261088,0.5242026,0.13620551
1864,Estonia,EST,1994,0.27976578,4.6321573,3.4269724,0.52426034,0.13558462
1865,Estonia,EST,1995,0.27974793,4.6282387,3.42738,0.52430564,0.13526359
1866,Estonia,EST,1996,0.27991974,4.6284976,3.4269965,0.524318,0.13522765
1867,Estonia,EST,1997,0.2802942,4.6310782,3.425532,0.52428,0.13594177
1868,Estonia,EST,1998,0.28077754,4.6337795,3.4233758,0.52421737,0.13628809
1869,Estonia,EST,1999,0.2812836,4.62719,3.4204571,0.52411395,0.13643573
1870,Estonia,EST,2000,0.28172174,4.6110983,3.416991,0.52398723,0.13708341
1871,Estonia,EST,2001,0.28223783,4.5676255,3.4137337,0.5238947,0.13858351
1872,Estonia,EST,2002,0.28296098,4.4947023,3.4104583,0.5238303,0.14106695
1873,Estonia,EST,2003,0.28374738,4.407701,3.407465,0.5237933,0.14465371
1874,Estonia,EST,2004,0.28446034,4.3175564,3.4052083,0.52376205,0.14805767
1875,Estonia,EST,2005,0.2849605,4.2373924,3.4041467,0.5237266,0.15092017
1876,Estonia,EST,2006,0.28533807,4.164343,3.404995,0.52368826,0.15334122
1877,Estonia,EST,2007,0.28575814,4.0846796,3.4073093,0.5236415,0.15566118
1878,Estonia,EST,2008,0.28618062,4.006606,3.4099624,0.52359354,0.15787074
1879,Estonia,EST,2009,0.2865744,3.935889,3.411831,0.523532,0.15981692
1880,Estonia,EST,2010,0.28690344,3.8816798,3.4118257,0.5234608,0.16171196
1881,Estonia,EST,2011,0.28728718,3.834866,3.4097662,0.52339095,0.16400343
1882,Estonia,EST,2012,0.2878109,3.7865093,3.4063754,0.52331436,0.16490607
1883,Estonia,EST,2013,0.28837815,3.7444758,3.4024174,0.5232407,0.16666701
1884,Estonia,EST,2014,0.2888969,3.7084172,3.3984056,0.52316594,0.16834277
1885,Estonia,EST,2015,0.28927213,3.6881266,3.3946989,0.52308995,0.1695642
1886,Estonia,EST,2016,0.2893697,3.6808605,3.3828745,0.523013,0.1709759
1887,Estonia,EST,2017,0.28939393,3.678187,3.3711312,0.5229302,0.17214932
1888,Estonia,EST,2018,0.28964895,3.6818743,3.3715444,0.5228586,0.17358734
1889,Estonia,EST,2019,0.29009965,3.6936426,3.3788164,0.5227906,0.1751613
2040,Finlandia,FIN,1990,0.26435456,4.936905,4.2782755,0.90619844,0.43180138
2041,Finlandia,FIN,1991,0.26388997,4.8717923,4.1376133,0.90611815,0.43153802
2042,Finlandia,FIN,1992,0.26351345,4.822925,4.006899,0.9060398,0.4311125
2043,Finlandia,FIN,1993,0.26322758,4.789182,3.8940063,0.90595686,0.43150133
2044,Finlandia,FIN,1994,0.26303884,4.768051,3.806989,0.90588534,0.43235368
2045,Finlandia,FIN,1995,0.26295134,4.7582684,3.7537785,0.9058067,0.43289095
2046,Finlandia,FIN,1996,0.263022,4.7752705,3.7163343,0.9057429,0.435306
2047,Finlandia,FIN,1997,0.26324213,4.8267975,3.675773,0.9056886,0.4392004
2048,Finlandia,FIN,1998,0.26351726,4.889436,3.6385448,0.905633,0.4436187
2049,Finlandia,FIN,1999,0.26375186,4.9381833,3.6112237,0.9055888,0.44972774
2050,Finlandia,FIN,2000,0.26385576,4.9543214,3.6003253,0.9055299,0.45447105
2051,Finlandia,FIN,2001,0.2637775,4.903719,3.602006,0.90401727,0.46041888
2052,Finlandia,FIN,2002,0.26358354,4.7985764,3.6073613,0.90050334,0.46762928
2053,Finlandia,FIN,2003,0.26335195,4.672733,3.615029,0.8963184,0.47473732
2054,Finlandia,FIN,2004,0.26315892,4.5626354,3.6238422,0.8928077,0.47957292
2055,Finlandia,FIN,2005,0.26308632,4.5047083,3.6325862,0.8912973,0.482295
2056,Finlandia,FIN,2006,0.26317286,4.501191,3.6727803,0.8912348,0.48176882
2057,Finlandia,FIN,2007,0.2633657,4.5197916,3.7572758,0.89118284,0.47912952
2058,Finlandia,FIN,2008,0.26360103,4.549082,3.8565438,0.8911268,0.4757311
2059,Finlandia,FIN,2009,0.26381716,4.570138,3.941367,0.8910654,0.47291663
2060,Finlandia,FIN,2010,0.26395252,4.567052,3.9826248,0.8909932,0.4714715
2061,Finlandia,FIN,2011,0.26405624,4.511381,3.9929056,0.8909164,0.47192234
2062,Finlandia,FIN,2012,0.26419657,4.406468,4.003368,0.890852,0.47296742
2063,Finlandia,FIN,2013,0.26433876,4.2851677,4.0125227,0.89078057,0.47449762
2064,Finlandia,FIN,2014,0.26445302,4.1834965,4.018936,0.89069825,0.47556847
2065,Finlandia,FIN,2015,0.264503,4.13494,4.0213614,0.89060366,0.47577435
2066,Finlandia,FIN,2016,0.26433897,4.0870504,4.0089893,0.890508,0.47623864
2067,Finlandia,FIN,2017,0.26413894,4.043471,3.9950688,0.89043283,0.47758844
2068,Finlandia,FIN,2018,0.26408598,4.0755067,3.9923728,0.89036083,0.47851437
2069,Finlandia,FIN,2019,0.264076,4.139295,3.9931211,0.8902839,0.48180753
2070,Francia,FRA,1990,0.2696844,4.4369454,6.260385,0.9024059,0.41320646
2071,Francia,FRA,1991,0.26949352,4.345409,6.211114,0.9024199,0.41655153
2072,Francia,FRA,1992,0.26931372,4.266028,6.1705575,0.90243673,0.41923186
2073,Francia,FRA,1993,0.26915598,4.20327,6.139366,0.902455,0.4215786
2074,Francia,FRA,1994,0.2690318,4.1617656,6.118272,0.9024767,0.42364043
2075,Francia,FRA,1995,0.26895243,4.1453376,6.108033,0.9025052,0.42513222
2076,Francia,FRA,1996,0.2688738,4.1525154,6.140379,0.90254134,0.42516664
2077,Francia,FRA,1997,0.26876265,4.176228,6.224923,0.9025827,0.4245662
2078,Francia,FRA,1998,0.26864624,4.2070193,6.3293,0.9026298,0.42396143
2079,Francia,FRA,1999,0.26855278,4.232316,6.4213123,0.9026829,0.42407972
2080,Francia,FRA,2000,0.26850972,4.244729,6.4687405,0.9027398,0.42458698
2081,Francia,FRA,2001,0.26853687,4.2214923,6.4957767,0.9029132,0.4265239
2082,Francia,FRA,2002,0.2686136,4.1610165,6.539635,0.9032428,0.4309938
2083,Francia,FRA,2003,0.26870477,4.0834503,6.5875688,0.903619,0.43538436
2084,Francia,FRA,2004,0.26877517,4.014091,6.626885,0.90393096,0.4398813
2085,Francia,FRA,2005,0.26878932,3.9739125,6.64495,0.90407205,0.44317687
2086,Francia,FRA,2006,0.26868856,3.974026,6.6078563,0.90408874,0.445222
2087,Francia,FRA,2007,0.2684842,3.9995503,6.5144076,0.9040955,0.4478375
2088,Francia,FRA,2008,0.2682447,4.0373745,6.4011726,0.9040959,0.44988844
2089,Francia,FRA,2009,0.26803982,4.0673323,6.3046894,0.9040936,0.45207554
2090,Francia,FRA,2010,0.2679384,4.0744433,6.2613683,0.9040912,0.45374352
2091,Francia,FRA,2011,0.26794285,4.0445805,6.2596593,0.90409017,0.45611948
2092,Francia,FRA,2012,0.26799536,3.9849403,6.2622643,0.9040932,0.45793402
2093,Francia,FRA,2013,0.26807407,3.9137568,6.266963,0.90410143,0.4601503
2094,Francia,FRA,2014,0.2681568,3.8540428,6.2715583,0.9041193,0.46196046
2095,Francia,FRA,2015,0.2682231,3.8268294,6.2737494,0.90414417,0.46403405
2096,Francia,FRA,2016,0.26853952,3.8271954,6.273039,0.90416116,0.4659254
2097,Francia,FRA,2017,0.26882124,3.8294544,6.2719707,0.9041692,0.46636337
2098,Francia,FRA,2018,0.2686775,3.8312697,6.2724633,0.90416944,0.467462
2099,Francia,FRA,2019,0.26827893,3.835741,6.2742558,0.90416586,0.46825343
2190,Alemania,DEU,1990,0.26181987,3.1874387,5.887693,0.750315,0.37825215
2191,Alemania,DEU,1991,0.26178813,3.1779912,5.955482,0.750007,0.38182774
2192,Alemania,DEU,1992,0.2617403,3.1708431,6.014791,0.74974173,0.38432565
2193,Alemania,DEU,1993,0.261681,3.1647382,6.0631056,0.74956155,0.3873852
2194,Alemania,DEU,1994,0.26161164,3.1584985,6.096981,0.7494532,0.38918835
2195,Alemania,DEU,1995,0.26154324,3.154968,6.1131544,0.7494107,0.39057308
2196,Alemania,DEU,1996,0.26144016,3.1501465,6.114999,0.74941826,0.3921777
2197,Alemania,DEU,1997,0.2612771,3.1498163,6.109635,0.7494491,0.39218703
2198,Alemania,DEU,1998,0.2610822,3.149625,6.0995073,0.7494874,0.39156723
2199,Alemania,DEU,1999,0.26088598,3.1518269,6.0871043,0.74952275,0.39153993
2200,Alemania,DEU,2000,0.2607296,3.1580033,6.0752563,0.7495678,0.3918454
2201,Alemania,DEU,2001,0.2604061,3.1938353,6.06614,0.7497514,0.3935821
2202,Alemania,DEU,2002,0.25980777,3.2658777,6.0599575,0.7501332,0.3963269
2203,Alemania,DEU,2003,0.2591246,3.3483357,6.0558968,0.7505901,0.3993696
2204,Alemania,DEU,2004,0.25854585,3.41829,6.052996,0.75097585,0.40170497
2205,Alemania,DEU,2005,0.25826865,3.4491034,6.05086,0.7511564,0.40381622
2206,Alemania,DEU,2006,0.25824082,3.4561625,6.06325,0.7511804,0.40503523
2207,Alemania,DEU,2007,0.25826615,3.4692407,6.0962496,0.75120103,0.40610555
2208,Alemania,DEU,2008,0.25832802,3.488274,6.13726,0.7512228,0.4074173
2209,Alemania,DEU,2009,0.2584109,3.5011506,6.1738863,0.7512634,0.40787047
2210,Alemania,DEU,2010,0.25850472,3.5041263,6.194222,0.7513417,0.40967724
2211,Alemania,DEU,2011,0.2586014,3.5028772,6.2050614,0.7512708,0.41205332
2212,Alemania,DEU,2012,0.2586948,3.5033655,6.217795,0.7508645,0.41420493
2213,Alemania,DEU,2013,0.2588036,3.4999578,6.2289786,0.750218,0.41666567
2214,Alemania,DEU,2014,0.25894794,3.5008144,6.2353673,0.7494602,0.41812757
2215,Alemania,DEU,2015,0.2591541,3.501964,6.2348394,0.74880296,0.420048
2216,Alemania,DEU,2016,0.26047474,3.4886234,6.2234306,0.74828607,0.4225094
2217,Alemania,DEU,2017,0.2618145,3.461354,6.2104564,0.7477406,0.42384422
2218,Alemania,DEU,2018,0.2623118,3.4255924,6.2064977,0.74727356,0.42474633
2219,Alemania,DEU,2019,0.26269624,3.3767943,6.208145,0.7469019,0.42561316
2250,Grecia,GRC,1990,0.2731105,4.9929886,5.549188,0.9069536,0.39892176
2251,Grecia,GRC,1991,0.27287626,4.9558005,5.5558925,0.9067558,0.39878094
2252,Grecia,GRC,1992,0.2727013,4.9320226,5.5612245,0.9065338,0.3987534
2253,Grecia,GRC,1993,0.2725772,4.918128,5.565851,0.9063588,0.39908054
2254,Grecia,GRC,1994,0.2725054,4.9144435,5.5692286,0.9062225,0.39970288
2255,Grecia,GRC,1995,0.27248988,4.9127254,5.570759,0.90609443,0.4006712
2256,Grecia,GRC,1996,0.2725734,5.0216413,5.571141,0.9059616,0.40182292
2257,Grecia,GRC,1997,0.27275673,5.2801523,5.5714655,0.9058461,0.40357262
2258,Grecia,GRC,1998,0.2729769,5.5862374,5.57152,0.90571415,0.406398
2259,Grecia,GRC,1999,0.27316153,5.8431926,5.571856,0.9056246,0.40993825
2260,Grecia,GRC,2000,0.2732509,5.950096,5.571912,0.90552664,0.4131478
2261,Grecia,GRC,2001,0.2732035,5.91311,5.566571,0.9053924,0.41775844
2262,Grecia,GRC,2002,0.2730594,5.8177276,5.555637,0.90530413,0.42361173
2263,Grecia,GRC,2003,0.27288303,5.70618,5.544638,0.9052445,0.4308234
2264,Grecia,GRC,2004,0.27273566,5.6072226,5.5387707,0.90520144,0.43663052
2265,Grecia,GRC,2005,0.27267995,5.5631027,5.5435123,0.9051681,0.43969107
2266,Grecia,GRC,2006,0.27274635,5.5578027,5.5584993,0.90515333,0.4407311
2267,Grecia,GRC,2007,0.2728949,5.558685,5.5784855,0.90517396,0.44098032
2268,Grecia,GRC,2008,0.27307,5.5600004,5.601163,0.9052111,0.43963906
2269,Grecia,GRC,2009,0.27321088,5.5610733,5.62452,0.9052735,0.43888727
2270,Grecia,GRC,2010,0.2732569,5.5540867,5.6466546,0.905373,0.4378887
2271,Grecia,GRC,2011,0.27316624,5.4631195,5.6707363,0.9055279,0.4364925
2272,Grecia,GRC,2012,0.27297807,5.264968,5.700089,0.9057607,0.4347287
2273,Grecia,GRC,2013,0.2727428,5.029115,5.7316275,0.9060225,0.43247563
2274,Grecia,GRC,2014,0.2725174,4.829,5.7621937,0.90626085,0.43019718
2275,Grecia,GRC,2015,0.27234915,4.7407064,5.789596,0.90648717,0.42965356
2276,Grecia,GRC,2016,0.27199858,4.7633934,5.8023725,0.9066465,0.43050185
2277,Grecia,GRC,2017,0.27171606,4.8174276,5.800956,0.90673256,0.4313691
2278,Grecia,GRC,2018,0.27184287,4.907854,5.7951775,0.9068066,0.4310318
2279,Grecia,GRC,2019,0.27222666,5.0422506,5.7790413,0.90686923,0.42984423
2580,Hungría,HUN,1990,0.28699917,3.4148252,3.4366956,0.53811026,0.15814333
2581,Hungría,HUN,1991,0.28699082,3.4004557,3.4397466,0.53812283,0.1565667
2582,Hungría,HUN,1992,0.28700277,3.382188,3.4427345,0.5381418,0.15524274
2583,Hungría,HUN,1993,0.28702793,3.3631907,3.445407,0.53816104,0.15442635
2584,Hungría,HUN,1994,0.28705722,3.341157,3.44755,0.53817976,0.15403722
2585,Hungría,HUN,1995,0.28708377,3.3174787,3.4488163,0.53819036,0.1536224
2586,Hungría,HUN,1996,0.28713813,3.286182,3.449476,0.5381911,0.15393753
2587,Hungría,HUN,1997,0.28724322,3.2424147,3.4497912,0.53818464,0.15419193
2588,Hungría,HUN,1998,0.2873814,3.19176,3.4499285,0.5381734,0.15456855
2589,Hungría,HUN,1999,0.28753352,3.1474817,3.4500966,0.5381632,0.1549071
2590,Hungría,HUN,2000,0.2876838,3.1081946,3.4500954,0.5381457,0.15561762
2591,Hungría,HUN,2001,0.28796175,3.0772953,3.4504218,0.53812164,0.15724273
2592,Hungría,HUN,2002,0.28842345,3.0485425,3.451319,0.5380968,0.15927601
2593,Hungría,HUN,2003,0.28894436,3.0211635,3.4524179,0.538069,0.1612995
2594,Hungría,HUN,2004,0.28939825,2.994255,3.4534044,0.5380416,0.16414115
2595,Hungría,HUN,2005,0.2896597,2.9698982,3.453991,0.53801495,0.16581748
2596,Hungría,HUN,2006,0.2897556,2.9460216,3.4555173,0.53799,0.16702826
2597,Hungría,HUN,2007,0.28981128,2.9216616,3.458538,0.5379645,0.16784392
2598,Hungría,HUN,2008,0.28984985,2.8995118,3.4616735,0.5379335,0.16832568
2599,Hungría,HUN,2009,0.28989208,2.8795009,3.4637506,0.5379009,0.16955006
2600,Hungría,HUN,2010,0.28995964,2.8616712,3.4635243,0.53786635,0.17003523
2601,Hungría,HUN,2011,0.29014653,2.8498757,3.4590325,0.5378302,0.17111102
2602,Hungría,HUN,2012,0.29047135,2.8391707,3.4505904,0.53779334,0.17200856
2603,Hungría,HUN,2013,0.2908436,2.8323722,3.44017,0.5377516,0.17355245
2604,Hungría,HUN,2014,0.29117092,2.8276625,3.429955,0.5377081,0.17467797
2605,Hungría,HUN,2015,0.2913612,2.8250878,3.4221237,0.53766483,0.1756871
2606,Hungría,HUN,2016,0.29122773,2.832285,3.4109962,0.5376248,0.1772673
2607,Hungría,HUN,2017,0.29106456,2.8385477,3.4020705,0.53758806,0.17886764
2608,Hungría,HUN,2018,0.29118642,2.834383,3.402081,0.53755033,0.1810569
2609,Hungría,HUN,2019,0.2914906,2.8233702,3.4067228,0.5375118,0.1835278
2610,Islandia,ISL,1990,0.2784925,3.2074318,5.0731735,0.88971555,0.38827625
2611,Islandia,ISL,1991,0.27791303,3.1904538,5.079587,0.88974375,0.38667655
2612,Islandia,ISL,1992,0.27743578,3.1726542,5.084737,0.889782,0.38589406
2613,Islandia,ISL,1993,0.27704337,3.1570141,5.0886774,0.88989705,0.38598025
2614,Islandia,ISL,1994,0.27680573,3.1454713,5.0923905,0.88995725,0.38594094
2615,Islandia,ISL,1995,0.276684,3.1323164,5.094972,0.89004016,0.38585737
2616,Islandia,ISL,1996,0.27675495,3.1214485,5.0975842,0.89012384,0.38760555
2617,Islandia,ISL,1997,0.27699837,3.1111555,5.098723,0.8901357,0.3899919
2618,Islandia,ISL,1998,0.27727968,3.1005204,5.0985937,0.89017737,0.39233822
2619,Islandia,ISL,1999,0.2775426,3.0890253,5.099072,0.8901951,0.3956789
2620,Islandia,ISL,2000,0.2776561,3.0778353,5.0997405,0.8902108,0.39862582
2621,Islandia,ISL,2001,0.27756616,3.0626435,5.1008782,0.891983,0.40225676
2622,Islandia,ISL,2002,0.2773725,3.0429769,5.101612,0.8960473,0.4058459
2623,Islandia,ISL,2003,0.27712774,3.0206192,5.1014504,0.9008615,0.41044316
2624,Islandia,ISL,2004,0.27693126,2.9984057,5.0998836,0.904726,0.4142604
2625,Islandia,ISL,2005,0.27688852,2.9775202,5.095052,0.90590656,0.4176044
2626,Islandia,ISL,2006,0.27699843,2.9514966,5.085369,0.9051288,0.4186797
2627,Islandia,ISL,2007,0.2772225,2.9235432,5.0735373,0.9043221,0.42066163
2628,Islandia,ISL,2008,0.2774542,2.8991032,5.065872,0.9040399,0.42360833
2629,Islandia,ISL,2009,0.27758688,2.8827534,5.0654664,0.9044717,0.42724344
2630,Islandia,ISL,2010,0.27761346,2.8793223,5.0715923,0.90526015,0.43062752
2631,Islandia,ISL,2011,0.27756524,2.8840814,5.0819383,0.9063161,0.43261614
2632,Islandia,ISL,2012,0.2775324,2.8928893,5.09521,0.9076038,0.43440157
2633,Islandia,ISL,2013,0.27753845,2.90271,5.108436,0.9088338,0.43522727
2634,Islandia,ISL,2014,0.27756023,2.9113383,5.118127,0.90968347,0.43664953
2635,Islandia,ISL,2015,0.27762607,2.9143543,5.1212854,0.9098578,0.4386102
2636,Islandia,ISL,2016,0.2781046,2.9122322,5.114162,0.9094681,0.44375566
2637,Islandia,ISL,2017,0.27859282,2.9088686,5.105698,0.90899944,0.44927993
2638,Islandia,ISL,2018,0.27860782,2.9168875,5.103398,0.9086723,0.45187095
2639,Islandia,ISL,2019,0.27835035,2.9365938,5.1037683,0.9084446,0.4541073
2760,Irlanda,IRL,1990,0.35652426,4.037525,6.4676785,0.6975702,0.30657324
2761,Irlanda,IRL,1991,0.35640797,4.055751,6.485925,0.69765335,0.30971453
2762,Irlanda,IRL,1992,0.35637882,4.0721297,6.498212,0.69771314,0.31290415
2763,Irlanda,IRL,1993,0.35642257,4.084572,6.5057025,0.6977607,0.31704187
2764,Irlanda,IRL,1994,0.3565113,4.0952883,6.5090213,0.6977981,0.32175812
2765,Irlanda,IRL,1995,0.35662583,4.1039267,6.5089083,0.6978084,0.32606027
2766,Irlanda,IRL,1996,0.35690692,4.120199,6.4775596,0.69781846,0.3315809
2767,Irlanda,IRL,1997,0.35742486,4.145087,6.404452,0.69782686,0.3382691
2768,Irlanda,IRL,1998,0.35805258,4.1736355,6.317187,0.69782186,0.3460175
2769,Irlanda,IRL,1999,0.35864297,4.1984706,6.2430706,0.6978021,0.35349452
2770,Irlanda,IRL,2000,0.35907203,4.2126913,6.209499,0.6977339,0.36038065
2771,Irlanda,IRL,2001,0.35945877,4.217381,6.204312,0.6979163,0.3677624
2772,Irlanda,IRL,2002,0.3599649,4.222522,6.1985836,0.69844264,0.37604484
2773,Irlanda,IRL,2003,0.3604998,4.2215796,6.1939664,0.69904596,0.38347605
2774,Irlanda,IRL,2004,0.36094597,4.219046,6.1934566,0.6995204,0.3901669
2775,Irlanda,IRL,2005,0.36120278,4.219184,6.200092,0.6996479,0.3944639
2776,Irlanda,IRL,2006,0.3612601,4.2149105,6.2961326,0.69960475,0.3976606
2777,Irlanda,IRL,2007,0.36121875,4.2089334,6.511739,0.6997145,0.40047345
2778,Irlanda,IRL,2008,0.36112157,4.2031083,6.769266,0.6999214,0.40328872
2779,Irlanda,IRL,2009,0.3610104,4.1953344,6.9912043,0.7001905,0.40541512
2780,Irlanda,IRL,2010,0.3609315,4.1855745,7.100014,0.70047444,0.40874636
2781,Irlanda,IRL,2011,0.36095235,4.1613626,7.1265407,0.70073235,0.41121355
2782,Irlanda,IRL,2012,0.3610856,4.1157265,7.151443,0.70093507,0.41329163
2783,Irlanda,IRL,2013,0.36129025,4.066459,7.1726217,0.7010678,0.41544262
2784,Irlanda,IRL,2014,0.36151093,4.0282927,7.187764,0.7011533,0.41831318
2785,Irlanda,IRL,2015,0.36168867,4.0138073,7.194756,0.701208,0.42157215
2786,Irlanda,IRL,2016,0.36233905,4.129579,7.1830854,0.7012379,0.43225074
2787,Irlanda,IRL,2017,0.36289948,4.243526,7.164041,0.7012676,0.44323313
2788,Irlanda,IRL,2018,0.35976973,4.241978,7.079152,0.70127773,0.45007327
2789,Irlanda,IRL,2019,0.35267243,4.2169313,6.9078193,0.701279,0.45577714
2820,Italia,ITA,1990,0.29970446,3.734005,5.948303,0.8701151,0.5222147
2821,Italia,ITA,1991,0.29930484,3.7949986,5.7698236,0.8700388,0.5217445
2822,Italia,ITA,1992,0.29897532,3.8471696,5.6035943,0.86998266,0.521122
2823,Italia,ITA,1993,0.29872283,3.8880982,5.45589,0.86993814,0.5211753
2824,Italia,ITA,1994,0.2985582,3.9145732,5.3330307,0.86989284,0.52147764
2825,Italia,ITA,1995,0.29848817,3.9229696,5.24134,0.86984545,0.5217907
2826,Italia,ITA,1996,0.29854292,3.9174619,5.162716,0.8697923,0.5228138
2827,Italia,ITA,1997,0.29870594,3.9057884,5.08217,0.86975133,0.5244995
2828,Italia,ITA,1998,0.29891202,3.8894124,5.01061,0.8697162,0.5267551
2829,Italia,ITA,1999,0.29909745,3.8719504,4.958834,0.86967117,0.52874696
2830,Italia,ITA,2000,0.29919717,3.8549585,4.937606,0.8696116,0.5308313
2831,Italia,ITA,2001,0.29925936,3.8325434,4.935817,0.8717733,0.53299326
2832,Italia,ITA,2002,0.29935196,3.800738,4.935318,0.87702405,0.5354485
2833,Italia,ITA,2003,0.2994335,3.7635844,4.936161,0.8832825,0.5380854
2834,Italia,ITA,2004,0.29946178,3.72674,4.9386244,0.8884874,0.5404833
2835,Italia,ITA,2005,0.29939094,3.6953394,4.9430103,0.8905951,0.5418976
2836,Italia,ITA,2006,0.2989529,3.6535094,4.995475,0.89050627,0.541986
2837,Italia,ITA,2007,0.29806665,3.5929165,5.1149726,0.8904948,0.5399921
2838,Italia,ITA,2008,0.29696697,3.5297675,5.260413,0.8905577,0.53725165
2839,Italia,ITA,2009,0.29588598,3.4801528,5.390523,0.89066154,0.53494817
2840,Italia,ITA,2010,0.29505375,3.4594266,5.4642773,0.8907719,0.5341072
2841,Italia,ITA,2011,0.29430306,3.463267,5.495784,0.8912098,0.53435415
2842,Italia,ITA,2012,0.29341424,3.4741323,5.5252304,0.89209795,0.53432214
2843,Italia,ITA,2013,0.29253542,3.488475,5.550146,0.8931089,0.53447694
2844,Italia,ITA,2014,0.2918144,3.500165,5.5680614,0.8939111,0.5347384
2845,Italia,ITA,2015,0.29140076,3.5063431,5.5766687,0.89417624,0.5356096
2846,Italia,ITA,2016,0.29148558,3.504679,5.5657377,0.8940325,0.5410652
2847,Italia,ITA,2017,0.2916705,3.5045447,5.552005,0.89384913,0.54644495
2848,Italia,ITA,2018,0.29154074,3.523299,5.553463,0.8936658,0.54637676
2849,Italia,ITA,2019,0.29120925,3.561658,5.5624604,0.89349115,0.54448926
3120,Letonia,LVA,1990,0.28009033,4.365633,3.7604616,0.52108335,0.14253679
3121,Letonia,LVA,1991,0.27890423,4.348922,3.7611492,0.52106315,0.13879617
3122,Letonia,LVA,1992,0.27788532,4.332336,3.7618396,0.52105516,0.13571587
3123,Letonia,LVA,1993,0.27708068,4.3151555,3.7626197,0.5210576,0.13310908
3124,Letonia,LVA,1994,0.27653146,4.2975497,3.763829,0.52108806,0.13078415
3125,Letonia,LVA,1995,0.27628726,4.284734,3.7648618,0.5211202,0.12952754
3126,Letonia,LVA,1996,0.27634907,4.262384,3.7647672,0.52112114,0.12835053
3127,Letonia,LVA,1997,0.27661198,4.23186,3.7637591,0.5210994,0.12703234
3128,Letonia,LVA,1998,0.27697513,4.199876,3.7623591,0.52106816,0.1265273
3129,Letonia,LVA,1999,0.27733567,4.167457,3.7609646,0.5210429,0.12535293
3130,Letonia,LVA,2000,0.2775954,4.1439238,3.7597382,0.5210164,0.12525555
3131,Letonia,LVA,2001,0.277864,4.118553,3.7580557,0.5209872,0.12598076
3132,Letonia,LVA,2002,0.27827093,4.0803337,3.7557306,0.52095944,0.12852554
3133,Letonia,LVA,2003,0.27875435,4.0363355,3.7531068,0.52091986,0.13171314
3134,Letonia,LVA,2004,0.2792453,3.9937322,3.751018,0.5208801,0.13486812
3135,Letonia,LVA,2005,0.279676,3.958981,3.7504952,0.5208483,0.13753831
3136,Letonia,LVA,2006,0.28017974,3.9224555,3.75344,0.5208261,0.14021789
3137,Letonia,LVA,2007,0.28085634,3.8739426,3.7599537,0.52080643,0.14279383
3138,Letonia,LVA,2008,0.2815899,3.8246107,3.7674346,0.52077734,0.14568886
3139,Letonia,LVA,2009,0.28226176,3.7829046,3.773678,0.520741,0.14849839
3140,Letonia,LVA,2010,0.28275493,3.7593977,3.7766035,0.52068955,0.1505163
3141,Letonia,LVA,2011,0.28316277,3.748776,3.7771666,0.5206279,0.15246893
3142,Letonia,LVA,2012,0.28362972,3.7395191,3.7776363,0.520561,0.15397505
3143,Letonia,LVA,2013,0.28410932,3.7318187,3.7775548,0.5204907,0.15596409
3144,Letonia,LVA,2014,0.28455362,3.725428,3.7768476,0.52042586,0.15765508
3145,Letonia,LVA,2015,0.28491953,3.7204535,3.7754884,0.52036035,0.15891068
3146,Letonia,LVA,2016,0.2854343,3.7217278,3.7666385,0.52029896,0.1608688
3147,Letonia,LVA,2017,0.28587127,3.7242355,3.7563806,0.520236,0.16283536
3148,Letonia,LVA,2018,0.28600585,3.7331266,3.7515545,0.5201707,0.16410944
3149,Letonia,LVA,2019,0.28601405,3.7478287,3.748034,0.5201065,0.1660531
3270,Lituania,LTU,1990,0.28088772,4.2587194,4.2705626,0.5218884,0.14434178
3271,Lituania,LTU,1991,0.27996296,4.262211,4.271901,0.52188575,0.14112072
3272,Lituania,LTU,1992,0.27916038,4.2694035,4.2739005,0.5218929,0.13814504
3273,Lituania,LTU,1993,0.2785139,4.2770348,4.2763233,0.5219124,0.13555187
3274,Lituania,LTU,1994,0.27805796,4.2860475,4.278836,0.5219418,0.13333805
3275,Lituania,LTU,1995,0.27782843,4.2950745,4.280793,0.5219698,0.13191152
3276,Lituania,LTU,1996,0.277814,4.3099155,4.2947025,0.5219823,0.13098246
3277,Lituania,LTU,1997,0.27793923,4.3334045,4.32589,0.5219765,0.12969394
3278,Lituania,LTU,1998,0.27814296,4.357567,4.362749,0.52196103,0.12892629
3279,Lituania,LTU,1999,0.27836394,4.3759794,4.3936086,0.52193815,0.12810291
3280,Lituania,LTU,2000,0.27854154,4.382294,4.4068255,0.5219108,0.12771684
3281,Lituania,LTU,2001,0.27882904,4.3707905,4.407003,0.5218792,0.12874645
3282,Lituania,LTU,2002,0.27933997,4.34188,4.4067507,0.5218408,0.13103618
3283,Lituania,LTU,2003,0.27995372,4.3060923,4.4060736,0.5217998,0.1340205
3284,Lituania,LTU,2004,0.28054768,4.270716,4.4051695,0.52176094,0.13711841
3285,Lituania,LTU,2005,0.2809983,4.244599,4.404439,0.52173275,0.14002788
3286,Lituania,LTU,2006,0.2813622,4.2192597,4.4034615,0.521712,0.142414
3287,Lituania,LTU,2007,0.2817654,4.1912293,4.402308,0.52169716,0.14491266
3288,Lituania,LTU,2008,0.2821896,4.163176,4.400909,0.52168334,0.14785065
3289,Lituania,LTU,2009,0.2826187,4.136793,4.399466,0.52166003,0.15004717
3290,Lituania,LTU,2010,0.28303212,4.1161327,4.3986974,0.5216339,0.1523658
3291,Lituania,LTU,2011,0.2836198,4.097671,4.3893685,0.52160174,0.15512528
3292,Lituania,LTU,2012,0.28447652,4.073483,4.3674273,0.52156067,0.15736163
3293,Lituania,LTU,2013,0.28543663,4.04753,4.34052,0.5215126,0.15999764
3294,Lituania,LTU,2014,0.2863374,4.026949,4.3166423,0.52145857,0.16214956
3295,Lituania,LTU,2015,0.2870162,4.012482,4.3036847,0.52140284,0.16478589
3296,Lituania,LTU,2016,0.28790364,4.0095606,4.283735,0.52134776,0.16749556
3297,Lituania,LTU,2017,0.28860536,4.0082264,4.2624903,0.5212882,0.16993928
3298,Lituania,LTU,2018,0.2886631,4.0025206,4.255839,0.5212202,0.17151488
3299,Lituania,LTU,2019,0.2884198,3.9911947,4.2541876,0.5211538,0.17335068
3360,Luxemburgo,LUX,1990,0.27887928,3.8333993,5.3204165,0.8974192,0.44226694
3361,Luxemburgo,LUX,1991,0.27881005,3.8173668,5.3231664,0.89736336,0.44824496
3362,Luxemburgo,LUX,1992,0.27876824,3.8014734,5.32682,0.8973365,0.45431757
3363,Luxemburgo,LUX,1993,0.27874652,3.78266,5.3308725,0.89733475,0.46137854
3364,Luxemburgo,LUX,1994,0.27874544,3.7634497,5.334695,0.8973408,0.4680975
3365,Luxemburgo,LUX,1995,0.27874634,3.7450957,5.3371887,0.89736915,0.47405398
3366,Luxemburgo,LUX,1996,0.27882823,3.7249758,5.3416696,0.89740914,0.47958273
3367,Luxemburgo,LUX,1997,0.27900323,3.7008712,5.3494477,0.897455,0.4854611
3368,Luxemburgo,LUX,1998,0.27920192,3.6728063,5.357782,0.89750755,0.49048683
3369,Luxemburgo,LUX,1999,0.27937478,3.6438506,5.3648443,0.897547,0.49646106
3370,Luxemburgo,LUX,2000,0.2794592,3.6138225,5.368072,0.89756346,0.5011979
3371,Luxemburgo,LUX,2001,0.2795102,3.5798662,5.367767,0.8975746,0.5074781
3372,Luxemburgo,LUX,2002,0.27958715,3.5407233,5.3659873,0.8975811,0.5134516
3373,Luxemburgo,LUX,2003,0.27967557,3.497702,5.36274,0.89754826,0.5201227
3374,Luxemburgo,LUX,2004,0.279773,3.4582348,5.358347,0.8974474,0.5255238
3375,Luxemburgo,LUX,2005,0.2798686,3.423667,5.354965,0.89731413,0.52993685
3376,Luxemburgo,LUX,2006,0.2800365,3.3892338,5.3505,0.8973172,0.5335204
3377,Luxemburgo,LUX,2007,0.28032798,3.3447187,5.341905,0.89737165,0.5369901
3378,Luxemburgo,LUX,2008,0.28066516,3.300281,5.331026,0.89736843,0.5408367
3379,Luxemburgo,LUX,2009,0.2809533,3.2632885,5.3204775,0.8972925,0.5445319
3380,Luxemburgo,LUX,2010,0.2811092,3.2427266,5.3144484,0.89718467,0.5471647
3381,Luxemburgo,LUX,2011,0.28109607,3.2346246,5.3125076,0.8969854,0.5495831
3382,Luxemburgo,LUX,2012,0.2809691,3.226385,5.3124857,0.8967775,0.55233777
3383,Luxemburgo,LUX,2013,0.2808299,3.2193387,5.313485,0.896586,0.5543539
3384,Luxemburgo,LUX,2014,0.28070474,3.213686,5.3140073,0.8964564,0.55658114
3385,Luxemburgo,LUX,2015,0.2806614,3.212435,5.3122964,0.8963835,0.5586582
3386,Luxemburgo,LUX,2016,0.28114262,3.2098074,5.2900987,0.8962699,0.56215495
3387,Luxemburgo,LUX,2017,0.28168043,3.210875,5.268558,0.89622927,0.5653662
3388,Luxemburgo,LUX,2018,0.28184295,3.2119503,5.268371,0.8961744,0.566971
3389,Luxemburgo,LUX,2019,0.2819182,3.2193074,5.2770224,0.896122,0.5688226
3540,Malta,MLT,1990,0.2741612,3.187725,6.2212906,0.91806436,0.3099353
3541,Malta,MLT,1991,0.27425355,3.1619573,6.2310376,0.91792446,0.31354183
3542,Malta,MLT,1992,0.2743691,3.1409743,6.239746,0.9177682,0.317346
3543,Malta,MLT,1993,0.27448785,3.1231563,6.2466936,0.9176629,0.32054442
3544,Malta,MLT,1994,0.27460524,3.1084192,6.2507086,0.91746145,0.32494164
3545,Malta,MLT,1995,0.27471244,3.100091,6.252193,0.9172692,0.32864913
3546,Malta,MLT,1996,0.27488536,3.0946991,6.2516904,0.9171397,0.33276403
3547,Malta,MLT,1997,0.27518606,3.0913475,6.2509894,0.9169763,0.33779302
3548,Malta,MLT,1998,0.27550757,3.0853226,6.250175,0.9168464,0.34251398
3549,Malta,MLT,1999,0.2757772,3.082171,6.2492867,0.91665447,0.34730086
3550,Malta,MLT,2000,0.27591363,3.0797925,6.2491693,0.91645706,0.35135493
3551,Malta,MLT,2001,0.27589357,3.0735106,6.254055,0.9160803,0.35527304
3552,Malta,MLT,2002,0.27582985,3.069744,6.2646356,0.915373,0.359242
3553,Malta,MLT,2003,0.2757376,3.0650628,6.277257,0.9145631,0.3627037
3554,Malta,MLT,2004,0.27564198,3.05765,6.287566,0.9138543,0.36609092
3555,Malta,MLT,2005,0.27558514,3.0513031,6.292054,0.91344655,0.3693535
3556,Malta,MLT,2006,0.27552626,3.039142,6.290441,0.91330427,0.3716849
3557,Malta,MLT,2007,0.27544096,3.0209856,6.28564,0.9131695,0.37372634
3558,Malta,MLT,2008,0.27536783,2.999086,6.28068,0.91304904,0.37602434
3559,Malta,MLT,2009,0.275304,2.9828532,6.2759886,0.91295666,0.3780618
3560,Malta,MLT,2010,0.27529678,2.975985,6.273884,0.9128468,0.38009652
3561,Malta,MLT,2011,0.27541226,2.9820638,6.276601,0.91275734,0.38258132
3562,Malta,MLT,2012,0.27564093,2.995023,6.2834086,0.9126444,0.38524866
3563,Malta,MLT,2013,0.27594712,3.0117989,6.291862,0.91255623,0.38866204
3564,Malta,MLT,2014,0.27624458,3.027195,6.2975945,0.9124973,0.39305118
3565,Malta,MLT,2015,0.2764986,3.034439,6.297858,0.9124354,0.3973738
3566,Malta,MLT,2016,0.27743587,3.031466,6.2660394,0.9123734,0.4044034
3567,Malta,MLT,2017,0.27829307,3.0303495,6.233048,0.9122766,0.41207325
3568,Malta,MLT,2018,0.278044,3.0634034,6.2330823,0.91221607,0.41727132
3569,Malta,MLT,2019,0.27710927,3.1311812,6.2475963,0.9121692,0.42228425
3720,Moldavia,MDA,1990,0.271778,3.6922894,4.1151733,0.5191524,0.117613874
3721,Moldavia,MDA,1991,0.2711187,3.6661103,4.1132092,0.51912034,0.1148
3722,Moldavia,MDA,1992,0.27044982,3.6398072,4.111472,0.51909053,0.11213376
3723,Moldavia,MDA,1993,0.269799,3.6144516,4.10963,0.5190512,0.10981313
3724,Moldavia,MDA,1994,0.26918662,3.5919025,4.108,0.5190112,0.106497146
3725,Moldavia,MDA,1995,0.26863354,3.5720315,4.106915,0.5189809,0.10387571
3726,Moldavia,MDA,1996,0.26800275,3.5561,4.106284,0.51895416,0.10059634
3727,Moldavia,MDA,1997,0.26723135,3.537745,4.1057606,0.51891994,0.09693836
3728,Moldavia,MDA,1998,0.2664535,3.517152,4.104984,0.5188745,0.09344309
3729,Moldavia,MDA,1999,0.2657999,3.499081,4.104168,0.5188279,0.09091576
3730,Moldavia,MDA,2000,0.2654025,3.479453,4.1030645,0.5187839,0.089648046
3731,Moldavia,MDA,2001,0.26514563,3.456156,4.1011677,0.5187466,0.08978215
3732,Moldavia,MDA,2002,0.2648636,3.426757,4.0982227,0.5187089,0.089984864
3733,Moldavia,MDA,2003,0.2646083,3.3977275,4.0948687,0.5186693,0.090403855
3734,Moldavia,MDA,2004,0.2644301,3.3683352,4.092045,0.51863146,0.09059783
3735,Moldavia,MDA,2005,0.26437804,3.34504,4.0906477,0.5186019,0.090638466
3736,Moldavia,MDA,2006,0.26449952,3.3229082,4.090475,0.5185809,0.091443025
3737,Moldavia,MDA,2007,0.2647665,3.2996175,4.0905833,0.5185575,0.092620276
3738,Moldavia,MDA,2008,0.26510882,3.2796276,4.0907645,0.5185317,0.09433866
3739,Moldavia,MDA,2009,0.2654559,3.2612622,4.09109,0.51850665,0.09600142
3740,Moldavia,MDA,2010,0.26573676,3.2514021,4.091556,0.5184858,0.09711585
3741,Moldavia,MDA,2011,0.26604795,3.2462409,4.0925145,0.51846766,0.098636076
3742,Moldavia,MDA,2012,0.26648247,3.2424574,4.093849,0.5184438,0.100388475
3743,Moldavia,MDA,2013,0.26696151,3.237703,4.0951,0.51841694,0.10183205
3744,Moldavia,MDA,2014,0.2674067,3.2341154,4.0958242,0.5183879,0.10367582
3745,Moldavia,MDA,2015,0.2677392,3.231198,4.095845,0.5183614,0.10481612
3746,Moldavia,MDA,2016,0.26811123,3.2340887,4.088228,0.51833886,0.105834305
3747,Moldavia,MDA,2017,0.26844,3.2389572,4.079621,0.51831174,0.10678463
3748,Moldavia,MDA,2018,0.26864246,3.2329297,4.077924,0.5182804,0.10751453
3749,Moldavia,MDA,2019,0.26885495,3.22074,4.078755,0.5182467,0.10844338
3750,Mónaco,MCO,1990,0.29520628,4.066072,5.436551,0.9005452,0.7133047
3751,Mónaco,MCO,1991,0.29480532,4.0649405,5.4329977,0.90016156,0.7139325
3752,Mónaco,MCO,1992,0.29445067,4.0628815,5.4312263,0.8998443,0.71617675
3753,Mónaco,MCO,1993,0.29415745,4.060345,5.4297624,0.89952487,0.71766424
3754,Mónaco,MCO,1994,0.29392308,4.0586233,5.4282155,0.89923453,0.71968174
3755,Mónaco,MCO,1995,0.29377005,4.056157,5.4262686,0.89895844,0.72182703
3756,Mónaco,MCO,1996,0.2936311,4.0533276,5.425235,0.8987207,0.7234742
3757,Mónaco,MCO,1997,0.2934501,4.0505896,5.427477,0.8985657,0.7268136
3758,Mónaco,MCO,1998,0.2932671,4.0478377,5.430703,0.8983932,0.73011327
3759,Mónaco,MCO,1999,0.29309478,4.0445085,5.4328427,0.8982452,0.733062
3760,Mónaco,MCO,2000,0.2929869,4.0419908,5.434243,0.89811647,0.73671937
3761,Mónaco,MCO,2001,0.2929275,4.0393,5.4358087,0.8981582,0.74173766
3762,Mónaco,MCO,2002,0.29284722,4.037239,5.439575,0.8984865,0.74866617
3763,Mónaco,MCO,2003,0.29277125,4.03537,5.444866,0.8988182,0.7562728
3764,Mónaco,MCO,2004,0.29269055,4.0328455,5.448129,0.8990721,0.7630106
3765,Mónaco,MCO,2005,0.2926376,4.0325146,5.450615,0.89918345,0.76843107
3766,Mónaco,MCO,2006,0.29259428,4.034221,5.4502788,0.89925134,0.7732705
3767,Mónaco,MCO,2007,0.29249105,4.037372,5.4468336,0.8995161,0.779194
3768,Mónaco,MCO,2008,0.29240206,4.044163,5.4437776,0.89976704,0.78567034
3769,Mónaco,MCO,2009,0.2923635,4.04778,5.440057,0.89987236,0.7907398
3770,Mónaco,MCO,2010,0.29236853,4.050968,5.4414744,0.9000218,0.7964147
3771,Mónaco,MCO,2011,0.29246843,4.0536947,5.44948,0.90012604,0.80171615
3772,Mónaco,MCO,2012,0.29260638,4.054987,5.46178,0.9002532,0.80763024
3773,Mónaco,MCO,2013,0.2927586,4.0582433,5.477418,0.90051085,0.81550467
3774,Mónaco,MCO,2014,0.2929735,4.059782,5.4886446,0.9005834,0.8226888
3775,Mónaco,MCO,2015,0.29316577,4.059995,5.4947267,0.9006154,0.83004224
3776,Mónaco,MCO,2016,0.29367107,4.055046,5.489357,0.9005932,0.8414189
3777,Mónaco,MCO,2017,0.2942349,4.051876,5.484215,0.90063924,0.85192096
3778,Mónaco,MCO,2018,0.29468694,4.052581,5.49077,0.90082985,0.86188585
3779,Mónaco,MCO,2019,0.29540223,4.0564504,5.501611,0.90075177,0.8699128
3810,Montenegro,MNE,1990,0.2895894,2.8631938,3.6434872,0.54106575,0.15070981
3811,Montenegro,MNE,1991,0.28829065,2.8599472,3.6458163,0.5410554,0.14542434
3812,Montenegro,MNE,1992,0.28710404,2.8567863,3.648065,0.54105055,0.1405577
3813,Montenegro,MNE,1993,0.2860917,2.8533607,3.6503854,0.5410559,0.13624252
3814,Montenegro,MNE,1994,0.28531832,2.8509145,3.6527293,0.5410721,0.13279109
3815,Montenegro,MNE,1995,0.28485063,2.8505476,3.6544816,0.5410916,0.1305142
3816,Montenegro,MNE,1996,0.28456366,2.8510869,3.6566737,0.54112,0.12902102
3817,Montenegro,MNE,1997,0.28430796,2.8529518,3.6593328,0.5411474,0.12779993
3818,Montenegro,MNE,1998,0.28410104,2.855055,3.6622665,0.5411788,0.12649256
3819,Montenegro,MNE,1999,0.2839628,2.855333,3.6651006,0.5412114,0.12578681
3820,Montenegro,MNE,2000,0.28391424,2.8561647,3.666975,0.54124004,0.12561524
3821,Montenegro,MNE,2001,0.28399214,2.8567328,3.6692357,0.5412668,0.12601864
3822,Montenegro,MNE,2002,0.2841874,2.857245,3.6724212,0.5412833,0.1272268
3823,Montenegro,MNE,2003,0.28444293,2.8573427,3.6759148,0.54129314,0.12862065
3824,Montenegro,MNE,2004,0.28470257,2.8576868,3.679043,0.54129785,0.13050686
3825,Montenegro,MNE,2005,0.28491038,2.8570228,3.6807544,0.5412987,0.13195473
3826,Montenegro,MNE,2006,0.28514495,2.8551579,3.6816278,0.54129666,0.13354532
3827,Montenegro,MNE,2007,0.28548422,2.850022,3.6820765,0.54128265,0.13558389
3828,Montenegro,MNE,2008,0.28586608,2.8437312,3.6820118,0.54125994,0.1379078
3829,Montenegro,MNE,2009,0.28622743,2.836929,3.6814928,0.54123557,0.13994941
3830,Montenegro,MNE,2010,0.2865059,2.8321443,3.6802409,0.54120845,0.14174175
3831,Montenegro,MNE,2011,0.28681833,2.8279347,3.6773257,0.5411821,0.14331362
3832,Montenegro,MNE,2012,0.28725788,2.8222332,3.6722188,0.54115057,0.14474533
3833,Montenegro,MNE,2013,0.28772435,2.8166394,3.6661859,0.54111564,0.14596626
3834,Montenegro,MNE,2014,0.28811556,2.814571,3.6605606,0.54108447,0.14727601
3835,Montenegro,MNE,2015,0.28833213,2.8116167,3.656462,0.5410546,0.14861059
3836,Montenegro,MNE,2016,0.28812423,2.8164325,3.6486156,0.5410291,0.15037112
3837,Montenegro,MNE,2017,0.2879013,2.822264,3.6421812,0.5410024,0.15203272
3838,Montenegro,MNE,2018,0.28819788,2.8227575,3.6464674,0.5409716,0.15306245
3839,Montenegro,MNE,2019,0.2888891,2.8178656,3.6586478,0.54094183,0.15447724
4020,Países Bajos,NLD,1990,0.3842922,3.6206234,6.37822,0.7857958,0.27287245
4021,Países Bajos,NLD,1991,0.38401675,3.6005628,6.5413046,0.7857843,0.27348015
4022,Países Bajos,NLD,1992,0.38377345,3.5811613,6.6881833,0.78577536,0.27500165
4023,Países Bajos,NLD,1993,0.3835735,3.564909,6.808368,0.7857738,0.2768109
4024,Países Bajos,NLD,1994,0.3834198,3.5513685,6.891805,0.7857761,0.27862307
4025,Países Bajos,NLD,1995,0.3833239,3.5449483,6.9282026,0.7857786,0.2813275
4026,Países Bajos,NLD,1996,0.38328797,3.5403035,6.9346414,0.785785,0.28537786
4027,Países Bajos,NLD,1997,0.38329345,3.5361629,6.935114,0.7857971,0.2922934
4028,Países Bajos,NLD,1998,0.38331425,3.532297,6.928959,0.7858156,0.30022174
4029,Países Bajos,NLD,1999,0.38332245,3.528232,6.91629,0.78584284,0.30771622
4030,Países Bajos,NLD,2000,0.383294,3.5293512,6.896812,0.78587735,0.31276795
4031,Países Bajos,NLD,2001,0.3832003,3.5342593,6.8186994,0.78606224,0.3156988
4032,Países Bajos,NLD,2002,0.38305718,3.544279,6.6642804,0.7864551,0.31804544
4033,Países Bajos,NLD,2003,0.38290364,3.557455,6.483711,0.78691244,0.32062218
4034,Países Bajos,NLD,2004,0.38276953,3.5669143,6.327423,0.7873097,0.32317734
4035,Países Bajos,NLD,2005,0.3826948,3.5696757,6.2457585,0.78750634,0.3266168
4036,Países Bajos,NLD,2006,0.3827763,3.5684724,6.2261777,0.7875547,0.33175644
4037,Países Bajos,NLD,2007,0.38300332,3.5672257,6.221243,0.7876022,0.33998477
4038,Países Bajos,NLD,2008,0.38326,3.5620975,6.22903,0.78763264,0.3496072
4039,Países Bajos,NLD,2009,0.3834054,3.5564256,6.247601,0.7876638,0.35825792
4040,Países Bajos,NLD,2010,0.38331357,3.54692,6.2751374,0.78769237,0.36405727
4041,Países Bajos,NLD,2011,0.38139632,3.530849,6.368941,0.7877129,0.36725083
4042,Países Bajos,NLD,2012,0.3771613,3.5041094,6.547278,0.7877295,0.3706637
4043,Países Bajos,NLD,2013,0.37214336,3.4762056,6.7498035,0.78773147,0.37313586
4044,Países Bajos,NLD,2014,0.3678469,3.4538138,6.916014,0.78773,0.37529758
4045,Países Bajos,NLD,2015,0.36579278,3.4438915,6.985626,0.7877236,0.3769006
4046,Países Bajos,NLD,2016,0.36598516,3.4800334,6.862225,0.7877106,0.37853342
4047,Países Bajos,NLD,2017,0.3665418,3.5168493,6.7336164,0.7876932,0.37979293
4048,Países Bajos,NLD,2018,0.36709997,3.5258892,6.7326035,0.7876696,0.38094664
4049,Países Bajos,NLD,2019,0.36796945,3.5344012,6.7548013,0.78764594,0.38367063
4230,Macedonia del Norte,MKD,1990,0.28641182,2.710868,3.5813231,0.54257995,0.13155222
4231,Macedonia del Norte,MKD,1991,0.2860003,2.708047,3.5832653,0.5425982,0.12942587
4232,Macedonia del Norte,MKD,1992,0.28560954,2.7040873,3.5853996,0.5426237,0.12751523
4233,Macedonia del Norte,MKD,1993,0.28526518,2.700645,3.5881052,0.542671,0.12607692
4234,Macedonia del Norte,MKD,1994,0.2850028,2.6982138,3.5906568,0.5427131,0.12470001
4235,Macedonia del Norte,MKD,1995,0.28485948,2.6945765,3.5920644,0.54271585,0.123733
4236,Macedonia del Norte,MKD,1996,0.28474614,2.6895244,3.5928557,0.54268837,0.12290196
4237,Macedonia del Norte,MKD,1997,0.28462616,2.6785357,3.589136,0.5424666,0.12173704
4238,Macedonia del Norte,MKD,1998,0.28450814,2.6669774,3.5849407,0.5422272,0.12044937
4239,Macedonia del Norte,MKD,1999,0.2843368,2.6610553,3.5915747,0.542432,0.12058483
4240,Macedonia del Norte,MKD,2000,0.2842436,2.6586668,3.5990307,0.54268193,0.12093154
4241,Macedonia del Norte,MKD,2001,0.28434512,2.647467,3.5992937,0.5425953,0.12090875
4242,Macedonia del Norte,MKD,2002,0.28454563,2.6354215,3.6004884,0.54247296,0.12130515
4243,Macedonia del Norte,MKD,2003,0.28476956,2.6222143,3.6038141,0.54241467,0.1217263
4244,Macedonia del Norte,MKD,2004,0.28497586,2.6102307,3.606933,0.54237217,0.122424364
4245,Macedonia del Norte,MKD,2005,0.2851142,2.6010494,3.6082559,0.54232967,0.123169534
4246,Macedonia del Norte,MKD,2006,0.28521347,2.5902743,3.6088257,0.5422877,0.12387651
4247,Macedonia del Norte,MKD,2007,0.2853331,2.5780313,3.6099863,0.54224414,0.12551366
4248,Macedonia del Norte,MKD,2008,0.2854619,2.5655668,3.61114,0.5422022,0.12683564
4249,Macedonia del Norte,MKD,2009,0.28558904,2.5555928,3.61206,0.5421653,0.12854709
4250,Macedonia del Norte,MKD,2010,0.28570366,2.5508502,3.612125,0.542128,0.12986912
4251,Macedonia del Norte,MKD,2011,0.28590167,2.5484896,3.6111996,0.5420933,0.13126087
4252,Macedonia del Norte,MKD,2012,0.28623387,2.5476944,3.6093988,0.5420535,0.13268857
4253,Macedonia del Norte,MKD,2013,0.28661263,2.548642,3.60736,0.5420243,0.13420594
4254,Macedonia del Norte,MKD,2014,0.28695634,2.548142,3.605321,0.5420019,0.13589722
4255,Macedonia del Norte,MKD,2015,0.28718728,2.5494494,3.6026604,0.54196477,0.13722135
4256,Macedonia del Norte,MKD,2016,0.2873151,2.5496783,3.594225,0.5419295,0.13922976
4257,Macedonia del Norte,MKD,2017,0.28741446,2.5514817,3.5864341,0.5419033,0.14076634
4258,Macedonia del Norte,MKD,2018,0.28752446,2.5577798,3.586699,0.54188126,0.14160863
4259,Macedonia del Norte,MKD,2019,0.28765607,2.570906,3.5915322,0.5418609,0.14246428
4290,Noruega,NOR,1990,0.28333887,2.9614632,7.1641345,0.8355143,0.41505915
4291,Noruega,NOR,1991,0.28291845,3.0047672,7.1641793,0.8355028,0.41581523
4292,Noruega,NOR,1992,0.28258115,3.0380085,7.1612844,0.83546364,0.4166534
4293,Noruega,NOR,1993,0.2823304,3.0607593,7.1560655,0.8354137,0.4175397
4294,Noruega,NOR,1994,0.28217041,3.07412,7.1494474,0.8353603,0.41853437
4295,Noruega,NOR,1995,0.2821014,3.07927,7.142343,0.83529127,0.4196698
4296,Noruega,NOR,1996,0.28218204,3.0653265,7.09093,0.835193,0.42095473
4297,Noruega,NOR,1997,0.28240517,3.031921,6.978439,0.83507967,0.422771
4298,Noruega,NOR,1998,0.28268844,2.9930205,6.846244,0.8349636,0.42477527
4299,Noruega,NOR,1999,0.28294814,2.961178,6.73588,0.83486557,0.42674917
4300,Noruega,NOR,2000,0.2830906,2.9515843,6.688804,0.83478904,0.42850858
4301,Noruega,NOR,2001,0.28318363,2.9779928,6.7080593,0.8344223,0.42983848
4302,Noruega,NOR,2002,0.28331336,3.0342743,6.756272,0.8336391,0.43091062
4303,Noruega,NOR,2003,0.28344944,3.0994284,6.814789,0.8326995,0.43191692
4304,Noruega,NOR,2004,0.28355777,3.153792,6.8648267,0.8318773,0.4331604
4305,Noruega,NOR,2005,0.28359896,3.1770527,6.886787,0.83141744,0.4348808
4306,Noruega,NOR,2006,0.28356108,3.165975,6.8871355,0.831191,0.43729234
4307,Noruega,NOR,2007,0.28347012,3.137818,6.8852477,0.83090764,0.44019058
4308,Noruega,NOR,2008,0.28336188,3.1033254,6.88199,0.8305965,0.4434445
4309,Noruega,NOR,2009,0.2832684,3.0748343,6.87844,0.8303018,0.44643226
4310,Noruega,NOR,2010,0.2832236,3.0613675,6.874837,0.83005685,0.44851813
4311,Noruega,NOR,2011,0.28323165,3.0649781,6.8614793,0.8298358,0.44994146
4312,Noruega,NOR,2012,0.28326273,3.0776033,6.834079,0.82963437,0.45120144
4313,Noruega,NOR,2013,0.2833009,3.096956,6.8015614,0.8294561,0.45275363
4314,Noruega,NOR,2014,0.28333285,3.1207197,6.77282,0.82929546,0.45419383
4315,Noruega,NOR,2015,0.28335482,3.1464283,6.7566686,0.8291418,0.45619804
4316,Noruega,NOR,2016,0.2834477,3.2183096,6.7417626,0.8290058,0.46358582
4317,Noruega,NOR,2017,0.28348392,3.2785075,6.729138,0.82888865,0.47091836
4318,Noruega,NOR,2018,0.28322938,3.2730134,6.729469,0.82875776,0.47322372
4319,Noruega,NOR,2019,0.28272113,3.2382026,6.7358413,0.8286233,0.47473136
4590,Polonia,POL,1990,0.28482124,2.279973,3.11552,0.5513604,0.13007233
4591,Polonia,POL,1991,0.2850058,2.282644,3.1177778,0.5513702,0.1296061
4592,Polonia,POL,1992,0.28523713,2.2851567,3.1198978,0.55138046,0.129463
4593,Polonia,POL,1993,0.28548315,2.2881339,3.1215782,0.5513822,0.12948725
4594,Polonia,POL,1994,0.28571063,2.2906184,3.122654,0.551375,0.12982336
4595,Polonia,POL,1995,0.2858863,2.2928047,3.123217,0.5513657,0.13015993
4596,Polonia,POL,1996,0.28615814,2.295819,3.123788,0.55135626,0.13103867
4597,Polonia,POL,1997,0.28662294,2.3001008,3.1245387,0.55134225,0.13259983
4598,Polonia,POL,1998,0.2871698,2.3044722,3.125226,0.5513267,0.13466376
4599,Polonia,POL,1999,0.28768805,2.3070683,3.125532,0.5513092,0.13696864
4600,Polonia,POL,2000,0.2880676,2.3073173,3.1251338,0.55128634,0.13907082
4601,Polonia,POL,2001,0.28838763,2.2902215,3.1236281,0.55125815,0.14118288
4602,Polonia,POL,2002,0.2887692,2.2518246,3.1212137,0.5512276,0.14346926
4603,Polonia,POL,2003,0.28916383,2.205623,3.1185129,0.55119705,0.14587799
4604,Polonia,POL,2004,0.28952307,2.1651654,3.1161613,0.5511684,0.14830156
4605,Polonia,POL,2005,0.2897989,2.1439219,3.1148078,0.5511421,0.15085414
4606,Polonia,POL,2006,0.29007557,2.1378796,3.1149752,0.5511161,0.15366651
4607,Polonia,POL,2007,0.29043695,2.1332617,3.1162524,0.5510904,0.15659137
4608,Polonia,POL,2008,0.29083458,2.1296732,3.1178298,0.5510637,0.15968096
4609,Polonia,POL,2009,0.2912203,2.1269224,3.1188688,0.5510328,0.16253358
4610,Polonia,POL,2010,0.2915458,2.1246493,3.1186213,0.55099785,0.16522764
4611,Polonia,POL,2011,0.291965,2.1224542,3.1162906,0.55096006,0.16778192
4612,Polonia,POL,2012,0.2925741,2.118935,3.1121585,0.5509217,0.17050603
4613,Polonia,POL,2013,0.29323727,2.1157718,3.1070929,0.55088454,0.1731666
4614,Polonia,POL,2014,0.29381895,2.11352,3.1019056,0.55084735,0.17553602
4615,Polonia,POL,2015,0.29418284,2.1118062,3.0975196,0.5508126,0.17776369
4616,Polonia,POL,2016,0.29407313,2.1114995,3.0851579,0.5507802,0.18004344
4617,Polonia,POL,2017,0.2939007,2.1144452,3.0739503,0.550749,0.18200578
4618,Polonia,POL,2018,0.29409933,2.1671112,3.0749567,0.55071974,0.18387282
4619,Polonia,POL,2019,0.2945265,2.2779574,3.082497,0.5506919,0.18609495
4620,Portugal,PRT,1990,0.26840022,4.9210196,7.763925,0.87817717,0.337414
4621,Portugal,PRT,1991,0.26820377,4.885789,7.798745,0.87814444,0.33955616
4622,Portugal,PRT,1992,0.26808876,4.8633137,7.8292356,0.8780913,0.3426769
4623,Portugal,PRT,1993,0.26804304,4.846315,7.853483,0.8780086,0.34607765
4624,Portugal,PRT,1994,0.2680526,4.835036,7.869734,0.87789357,0.34907034
4625,Portugal,PRT,1995,0.2681044,4.827235,7.876446,0.87776494,0.35202718
4626,Portugal,PRT,1996,0.26834244,4.874984,7.875635,0.87762576,0.3573617
4627,Portugal,PRT,1997,0.26881155,5.005043,7.871669,0.87749374,0.36417645
4628,Portugal,PRT,1998,0.26934847,5.1579514,7.866373,0.87736803,0.37144667
4629,Portugal,PRT,1999,0.26979232,5.282907,7.8619156,0.87725616,0.3780354
4630,Portugal,PRT,2000,0.2699818,5.3350477,7.8600864,0.8771669,0.38287786
4631,Portugal,PRT,2001,0.26987007,5.287515,7.864825,0.8765889,0.38602597
4632,Portugal,PRT,2002,0.26958853,5.176188,7.87656,0.8753468,0.38898262
4633,Portugal,PRT,2003,0.26924005,5.0438786,7.8914094,0.87390006,0.39147484
4634,Portugal,PRT,2004,0.26892865,4.92649,7.90544,0.8727154,0.3933084
4635,Portugal,PRT,2005,0.26875818,4.869705,7.9147243,0.8722635,0.39508528
4636,Portugal,PRT,2006,0.26872262,4.8595424,7.927827,0.8723413,0.39723727
4637,Portugal,PRT,2007,0.26873258,4.85206,7.950923,0.872435,0.39865035
4638,Portugal,PRT,2008,0.2687631,4.846215,7.9762425,0.8725344,0.40079522
4639,Portugal,PRT,2009,0.26878792,4.840737,7.9960637,0.8726382,0.40315774
4640,Portugal,PRT,2010,0.26878256,4.828421,8.002524,0.8727376,0.40458274
4641,Portugal,PRT,2011,0.26870367,4.764278,7.9884386,0.87282634,0.40570438
4642,Portugal,PRT,2012,0.26856288,4.635066,7.959323,0.8728997,0.40678427
4643,Portugal,PRT,2013,0.26840907,4.482408,7.925675,0.8729597,0.40834382
4644,Portugal,PRT,2014,0.26828983,4.353216,7.8983483,0.87300664,0.40972131
4645,Portugal,PRT,2015,0.26825646,4.29289,7.8879485,0.8730353,0.41112322
4646,Portugal,PRT,2016,0.2687009,4.329962,7.933356,0.8730472,0.4146451
4647,Portugal,PRT,2017,0.2691811,4.3763237,7.9895625,0.8730484,0.41807154
4648,Portugal,PRT,2018,0.2692192,4.3857136,8.012169,0.8730411,0.42035228
4649,Portugal,PRT,2019,0.26907453,4.3940663,8.02761,0.87302935,0.42184258
4710,Rumanía,ROU,1990,0.28248024,2.717381,3.2760122,0.63806486,0.1322986
4711,Rumanía,ROU,1991,0.28207108,2.7088573,3.2797456,0.63804686,0.12992308
4712,Rumanía,ROU,1992,0.28171426,2.702762,3.2821374,0.6380344,0.12793978
4713,Rumanía,ROU,1993,0.28142345,2.6967309,3.2837214,0.63804036,0.12632048
4714,Rumanía,ROU,1994,0.28121513,2.69302,3.2845418,0.6380507,0.12481026
4715,Rumanía,ROU,1995,0.28110325,2.6906297,3.2847672,0.6380648,0.12411408
4716,Rumanía,ROU,1996,0.28107476,2.6905932,3.2779481,0.6380881,0.12381234
4717,Rumanía,ROU,1997,0.28109625,2.691261,3.2614338,0.63811123,0.123426154
4718,Rumanía,ROU,1998,0.28115016,2.6915638,3.241797,0.638132,0.12330278
4719,Rumanía,ROU,1999,0.28122082,2.6908066,3.225392,0.63813543,0.12283645
4720,Rumanía,ROU,2000,0.28128952,2.6903744,3.2188354,0.63812506,0.12290316
4721,Rumanía,ROU,2001,0.28139246,2.689418,3.2213411,0.63811284,0.123538464
4722,Rumanía,ROU,2002,0.28156507,2.6887438,3.226113,0.63809085,0.12506586
4723,Rumanía,ROU,2003,0.28178456,2.6864638,3.2315843,0.6380626,0.12718211
4724,Rumanía,ROU,2004,0.28202984,2.683977,3.2360575,0.63802224,0.12918134
4725,Rumanía,ROU,2005,0.28227752,2.6805084,3.2378204,0.6379673,0.13112709
4726,Rumanía,ROU,2006,0.28269592,2.674843,3.2367566,0.6379019,0.13321528
4727,Rumanía,ROU,2007,0.28336957,2.6673124,3.2342188,0.63782734,0.13589096
4728,Rumanía,ROU,2008,0.2841463,2.6572752,3.231349,0.6377617,0.13860935
4729,Rumanía,ROU,2009,0.2848791,2.6527238,3.2289662,0.6376991,0.14093602
4730,Rumanía,ROU,2010,0.28542027,2.6463637,3.2278728,0.63763493,0.14323983
4731,Rumanía,ROU,2011,0.28587744,2.6454294,3.2354736,0.6375818,0.14535205
4732,Rumanía,ROU,2012,0.28641093,2.64365,3.2531416,0.6375242,0.1474501
4733,Rumanía,ROU,2013,0.2869477,2.6421728,3.2734997,0.6374616,0.14925551
4734,Rumanía,ROU,2014,0.28741324,2.6415224,3.2895129,0.63741404,0.15123485
4735,Rumanía,ROU,2015,0.28773344,2.640764,3.2939792,0.63739026,0.1526677
4736,Rumanía,ROU,2016,0.28795123,2.64304,3.2813609,0.63735974,0.15514188
4737,Rumanía,ROU,2017,0.2881417,2.6455603,3.2700632,0.6373071,0.15743588
4738,Rumanía,ROU,2018,0.28847417,2.646944,3.27324,0.63725877,0.15966469
4739,Rumanía,ROU,2019,0.28902072,2.6501622,3.2856169,0.6372142,0.16204906
4740,Rusia,RUS,1990,0.28009927,3.241062,3.1702216,0.5139285,0.15237215
4741,Rusia,RUS,1991,0.27980283,3.258231,3.1688678,0.51388174,0.1501109
4742,Rusia,RUS,1992,0.27946213,3.27202,3.167355,0.51384306,0.14774783
4743,Rusia,RUS,1993,0.27908698,3.2835665,3.1666431,0.51385534,0.1452625
4744,Rusia,RUS,1994,0.27870622,3.2927015,3.1663897,0.51390046,0.14294368
4745,Rusia,RUS,1995,0.27835354,3.2996657,3.166244,0.51395357,0.14048198
4746,Rusia,RUS,1996,0.27784434,3.3023443,3.1651385,0.51398164,0.13750836
4747,Rusia,RUS,1997,0.27710232,3.299733,3.1628475,0.5139812,0.13394268
4748,Rusia,RUS,1998,0.27631456,3.2938154,3.1605256,0.5139921,0.13069005
4749,Rusia,RUS,1999,0.27568105,3.2857587,3.15852,0.5140139,0.12819597
4750,Rusia,RUS,2000,0.27540407,3.277789,3.1574104,0.5140496,0.12728167
4751,Rusia,RUS,2001,0.2754816,3.265066,3.1562889,0.5140805,0.12772863
4752,Rusia,RUS,2002,0.27572984,3.2450867,3.154534,0.514101,0.12883452
4753,Rusia,RUS,2003,0.27607042,3.2212381,3.1530912,0.5141444,0.13043448
4754,Rusia,RUS,2004,0.27643642,3.1969006,3.151803,0.5141915,0.1321789
4755,Rusia,RUS,2005,0.27675995,3.1754677,3.1509013,0.5142374,0.13393264
4756,Rusia,RUS,2006,0.27717954,3.1515152,3.1494207,0.5142662,0.13595243
4757,Rusia,RUS,2007,0.27780312,3.1209452,3.146745,0.5142661,0.13857396
4758,Rusia,RUS,2008,0.27850685,3.0901327,3.144317,0.51427823,0.14136605
4759,Rusia,RUS,2009,0.27917835,3.0647538,3.1423109,0.5142891,0.14415579
4760,Rusia,RUS,2010,0.27970508,3.0503109,3.1410604,0.51429087,0.14660911
4761,Rusia,RUS,2011,0.28022552,3.0531652,3.1408744,0.51427937,0.14887266
4762,Rusia,RUS,2012,0.2808793,3.0691469,3.1413288,0.51424986,0.15121071
4763,Rusia,RUS,2013,0.28154734,3.0906923,3.142499,0.51423055,0.15350844
4764,Rusia,RUS,2014,0.2821191,3.1089082,3.1434622,0.5142143,0.15558718
4765,Rusia,RUS,2015,0.28248546,3.1158228,3.143293,0.51419336,0.15740685
4766,Rusia,RUS,2016,0.28234234,3.1153,3.1418722,0.51416504,0.15927324
4767,Rusia,RUS,2017,0.28207,3.1131277,3.1396313,0.5141259,0.16057414
4768,Rusia,RUS,2018,0.28196478,3.1021059,3.1370676,0.51409256,0.16121347
4769,Rusia,RUS,2019,0.281813,3.0799155,3.1336958,0.51406276,0.16156821
4920,San Marino,SMR,1990,0.28428882,4.04946,5.426944,0.9131857,0.45813456
4921,San Marino,SMR,1991,0.283807,4.0519514,5.4338,0.9134164,0.46051657
4922,San Marino,SMR,1992,0.28342155,4.0528154,5.4406,0.9136781,0.4639558
4923,San Marino,SMR,1993,0.28313288,4.0559583,5.4471416,0.91396284,0.46763435
4924,San Marino,SMR,1994,0.28294152,4.0586047,5.453234,0.9142654,0.47118536
4925,San Marino,SMR,1995,0.28284734,4.061423,5.458681,0.9145828,0.4754563
4926,San Marino,SMR,1996,0.28295878,4.0641146,5.464059,0.9149106,0.48074794
4927,San Marino,SMR,1997,0.28328663,4.0661836,5.4698396,0.91524994,0.48769763
4928,San Marino,SMR,1998,0.28368753,4.0680923,5.4755793,0.9155918,0.4952287
4929,San Marino,SMR,1999,0.2840195,4.0717716,5.480883,0.91593194,0.50308627
4930,San Marino,SMR,2000,0.2841416,4.0741014,5.4853935,0.91627085,0.5099026
4931,San Marino,SMR,2001,0.28399315,4.0752745,5.490246,0.91647846,0.5160942
4932,San Marino,SMR,2002,0.28368115,4.0759797,5.4961796,0.9164993,0.52270705
4933,San Marino,SMR,2003,0.2833163,4.07636,5.5021462,0.91644096,0.5298213
4934,San Marino,SMR,2004,0.28300878,4.0787373,5.5071473,0.9164215,0.53501487
4935,San Marino,SMR,2005,0.28286752,4.0786476,5.51022,0.91656655,0.54008085
4936,San Marino,SMR,2006,0.28297114,4.0804725,5.509282,0.9168288,0.5429535
4937,San Marino,SMR,2007,0.28324884,4.080268,5.5046754,0.91708124,0.545868
4938,San Marino,SMR,2008,0.28358367,4.0803356,5.498985,0.91732013,0.54857236
4939,San Marino,SMR,2009,0.28385857,4.081591,5.4948,0.917544,0.55048335
4940,San Marino,SMR,2010,0.28395638,4.082509,5.4947157,0.91775405,0.55051506
4941,San Marino,SMR,2011,0.28372657,4.0831385,5.5014095,0.91794866,0.54780537
4942,San Marino,SMR,2012,0.28321028,4.085105,5.5134583,0.91812783,0.54048204
4943,San Marino,SMR,2013,0.28257772,4.085575,5.5272756,0.91828984,0.53136253
4944,San Marino,SMR,2014,0.28199995,4.08449,5.5393167,0.9184343,0.5232666
4945,San Marino,SMR,2015,0.2816486,4.084571,5.5460873,0.9185623,0.5175254
4946,San Marino,SMR,2016,0.28157577,4.0876093,5.547377,0.9186737,0.5149223
4947,San Marino,SMR,2017,0.28154105,4.0877786,5.546829,0.9187675,0.51205164
4948,San Marino,SMR,2018,0.2810688,4.089612,5.5453506,0.9188432,0.50937545
4949,San Marino,SMR,2019,0.28010872,4.0918827,5.542622,0.9189005,0.50515896
5040,Serbia,SRB,1990,0.28391153,3.0980194,3.298805,0.540626,0.13087903
5041,Serbia,SRB,1991,0.2835955,3.0900764,3.301039,0.54052263,0.1275429
5042,Serbia,SRB,1992,0.28327143,3.0839071,3.3046837,0.54048234,0.12454399
5043,Serbia,SRB,1993,0.28297082,3.0757797,3.3089528,0.540485,0.12226438
5044,Serbia,SRB,1994,0.28273013,3.0689569,3.31216,0.5404671,0.12023792
5045,Serbia,SRB,1995,0.28256184,3.0626123,3.3154256,0.5404908,0.118746914
5046,Serbia,SRB,1996,0.28239366,3.0554667,3.3200147,0.5405241,0.11787099
5047,Serbia,SRB,1997,0.28214324,3.0466144,3.329775,0.54070115,0.117472395
5048,Serbia,SRB,1998,0.28187937,3.0389056,3.3409157,0.5409159,0.11674941
5049,Serbia,SRB,1999,0.28172007,3.0252264,3.3446522,0.5408169,0.11605915
5050,Serbia,SRB,2000,0.28166893,3.0092037,3.3457527,0.54069465,0.115679815
5051,Serbia,SRB,2001,0.28173384,2.99539,3.3501468,0.5407558,0.116436474
5052,Serbia,SRB,2002,0.28192544,2.9775953,3.35524,0.5407883,0.117787324
5053,Serbia,SRB,2003,0.28218403,2.956505,3.3597996,0.5407778,0.119659364
5054,Serbia,SRB,2004,0.28243154,2.9374812,3.3643441,0.5407989,0.12173406
5055,Serbia,SRB,2005,0.28261274,2.9202738,3.3671875,0.5408186,0.12355641
5056,Serbia,SRB,2006,0.2827815,2.9037662,3.3685405,0.54081154,0.12561597
5057,Serbia,SRB,2007,0.28300402,2.8852015,3.3700407,0.5408024,0.1273359
5058,Serbia,SRB,2008,0.28325164,2.8666155,3.3714156,0.54079264,0.1293934
5059,Serbia,SRB,2009,0.2834988,2.8507,3.3720725,0.54076844,0.13136601
5060,Serbia,SRB,2010,0.28371772,2.839741,3.3716702,0.5407289,0.13288817
5061,Serbia,SRB,2011,0.2840543,2.8318923,3.3694704,0.5406678,0.13434955
5062,Serbia,SRB,2012,0.2845795,2.8229446,3.365633,0.5405978,0.1361638
5063,Serbia,SRB,2013,0.2851511,2.8167434,3.3617408,0.54055643,0.13700922
5064,Serbia,SRB,2014,0.2856391,2.8110495,3.3580794,0.540523,0.13842759
5065,Serbia,SRB,2015,0.28591478,2.8073838,3.3545988,0.54047257,0.13928807
5066,Serbia,SRB,2016,0.2857797,2.8106384,3.3464797,0.5404228,0.14055094
5067,Serbia,SRB,2017,0.2855267,2.8161287,3.3387032,0.5403768,0.14121008
5068,Serbia,SRB,2018,0.28533348,2.815798,3.3362787,0.54033136,0.1423078
5069,Serbia,SRB,2019,0.28505,2.814907,3.33539,0.540287,0.14359924
5160,Eslovaquia,SVK,1990,0.2887255,2.9265432,3.4548378,0.54316795,0.14707577
5161,Eslovaquia,SVK,1991,0.28833556,2.926137,3.4567719,0.5431874,0.14494403
5162,Eslovaquia,SVK,1992,0.2880517,2.9223967,3.4586635,0.5432015,0.14351402
5163,Eslovaquia,SVK,1993,0.2878708,2.919811,3.4603515,0.5432103,0.14205824
5164,Eslovaquia,SVK,1994,0.2877899,2.9156985,3.461601,0.54321116,0.14122628
5165,Eslovaquia,SVK,1995,0.28780612,2.9127612,3.4624782,0.5432053,0.14076175
5166,Eslovaquia,SVK,1996,0.2880282,2.90875,3.4639943,0.5431936,0.1409816
5167,Eslovaquia,SVK,1997,0.2884739,2.9024482,3.4664793,0.5431766,0.14166246
5168,Eslovaquia,SVK,1998,0.289003,2.8958678,3.4692652,0.5431605,0.14222874
5169,Eslovaquia,SVK,1999,0.28947645,2.8871415,3.4715078,0.54314476,0.14258887
5170,Eslovaquia,SVK,2000,0.28975654,2.877292,3.4723582,0.5431237,0.14348006
5171,Eslovaquia,SVK,2001,0.28984782,2.8680182,3.471976,0.5430953,0.14446281
5172,Eslovaquia,SVK,2002,0.28988153,2.859049,3.4711547,0.54306203,0.14591862
5173,Eslovaquia,SVK,2003,0.28990924,2.8473759,3.4701512,0.54302776,0.14741059
5174,Eslovaquia,SVK,2004,0.28998363,2.8349662,3.4689987,0.54298854,0.14925972
5175,Eslovaquia,SVK,2005,0.29015675,2.822717,3.4679728,0.54294574,0.15122125
5176,Eslovaquia,SVK,2006,0.29061568,2.8081121,3.4669056,0.5429009,0.15345936
5177,Eslovaquia,SVK,2007,0.2913802,2.7911031,3.4654307,0.5428536,0.1560524
5178,Eslovaquia,SVK,2008,0.2922494,2.773399,3.463822,0.542808,0.15914044
5179,Eslovaquia,SVK,2009,0.2930242,2.7572942,3.4621809,0.5427626,0.1620102
5180,Eslovaquia,SVK,2010,0.29350546,2.742725,3.4605832,0.54271483,0.16429439
5181,Eslovaquia,SVK,2011,0.29375234,2.7322502,3.457906,0.5426656,0.16675645
5182,Eslovaquia,SVK,2012,0.293966,2.7200491,3.4534981,0.54261553,0.16867748
5183,Eslovaquia,SVK,2013,0.2941598,2.7100556,3.4483354,0.54256624,0.17076997
5184,Eslovaquia,SVK,2014,0.29434726,2.702602,3.4433794,0.542519,0.17259449
5185,Eslovaquia,SVK,2015,0.29454166,2.6960647,3.4395785,0.5424747,0.17460677
5186,Eslovaquia,SVK,2016,0.29527995,2.6932156,3.4296978,0.54242957,0.17710134
5187,Eslovaquia,SVK,2017,0.29598767,2.6921725,3.4204469,0.5423847,0.17899124
5188,Eslovaquia,SVK,2018,0.29599878,2.692408,3.4206145,0.5423434,0.1810499
5189,Eslovaquia,SVK,2019,0.29567876,2.695262,3.4256656,0.54230446,0.18270175
5190,Eslovenia,SVN,1990,0.29433712,3.779249,3.4201221,0.5483297,0.16267575
5191,Eslovenia,SVN,1991,0.29439417,3.7824721,3.4192302,0.548297,0.16037928
5192,Eslovenia,SVN,1992,0.29448265,3.7806234,3.4184716,0.5482557,0.15878937
5193,Eslovenia,SVN,1993,0.2945902,3.7749689,3.4174907,0.5482015,0.15717413
5194,Eslovenia,SVN,1994,0.294704,3.7670622,3.4165697,0.5481454,0.15608084
5195,Eslovenia,SVN,1995,0.29481214,3.7597392,3.4157934,0.5480902,0.15564717
5196,Eslovenia,SVN,1996,0.29497465,3.743182,3.415419,0.5480421,0.1558942
5197,Eslovenia,SVN,1997,0.29523066,3.7157915,3.415553,0.54798603,0.15651421
5198,Eslovenia,SVN,1998,0.2955267,3.6781166,3.4156392,0.54792005,0.15723932
5199,Eslovenia,SVN,1999,0.29580837,3.6407268,3.4154978,0.5478539,0.15830022
5200,Eslovenia,SVN,2000,0.29602134,3.609061,3.4148707,0.54778534,0.15960872
5201,Eslovenia,SVN,2001,0.2962314,3.5811453,3.4146807,0.5477201,0.16065343
5202,Eslovenia,SVN,2002,0.29651693,3.5528603,3.4154725,0.5476495,0.16242416
5203,Eslovenia,SVN,2003,0.29683208,3.5234346,3.4163406,0.5475685,0.1646438
5204,Eslovenia,SVN,2004,0.29712954,3.4906077,3.4166489,0.5474863,0.16660479
5205,Eslovenia,SVN,2005,0.29736274,3.458315,3.4155588,0.5473989,0.16811678
5206,Eslovenia,SVN,2006,0.29760498,3.4168038,3.412923,0.54731697,0.16993526
5207,Eslovenia,SVN,2007,0.2979254,3.365157,3.4092996,0.5472392,0.17160432
5208,Eslovenia,SVN,2008,0.298263,3.3104546,3.4051182,0.5471558,0.17345054
5209,Eslovenia,SVN,2009,0.29855317,3.2616494,3.4013062,0.54708517,0.17497812
5210,Eslovenia,SVN,2010,0.29873276,3.2262132,3.3985589,0.54702723,0.17599195
5211,Eslovenia,SVN,2011,0.29887468,3.198042,3.396629,0.5469755,0.17654982
5212,Eslovenia,SVN,2012,0.2990663,3.170064,3.3948138,0.5469312,0.17746557
5213,Eslovenia,SVN,2013,0.29926476,3.1455755,3.3929334,0.5468908,0.17795832
5214,Eslovenia,SVN,2014,0.2994261,3.1279106,3.3910072,0.5468587,0.17820108
5215,Eslovenia,SVN,2015,0.29950804,3.1176937,3.3889303,0.54683584,0.17944098
5216,Eslovenia,SVN,2016,0.29934824,3.1237047,3.3792083,0.54681283,0.18036084
5217,Eslovenia,SVN,2017,0.29917935,3.1313162,3.3704271,0.54679406,0.18203017
5218,Eslovenia,SVN,2018,0.29926845,3.1262515,3.3750324,0.5467767,0.18319431
5219,Eslovenia,SVN,2019,0.2995073,3.1152232,3.3891728,0.5467665,0.1849328
5370,España,ESP,1990,0.26533097,4.083788,4.6099052,0.9199943,0.4630874
5371,España,ESP,1991,0.26524615,4.0061064,4.6215096,0.91996837,0.46896124
5372,España,ESP,1992,0.26517737,3.9369006,4.6264596,0.9199487,0.47503522
5373,España,ESP,1993,0.26512778,3.8762555,4.62621,0.9199226,0.4808841
5374,España,ESP,1994,0.26510474,3.8312209,4.6221313,0.9198759,0.48714554
5375,España,ESP,1995,0.26510584,3.799392,4.6159086,0.9198195,0.49087846
5376,España,ESP,1996,0.26515076,3.7810774,4.5625477,0.919729,0.4948218
5377,España,ESP,1997,0.26523796,3.769322,4.4448476,0.91961086,0.49939618
5378,España,ESP,1998,0.26535118,3.7594347,4.3053117,0.9194538,0.5036295
5379,España,ESP,1999,0.2654692,3.7525496,4.186335,0.9192558,0.5084452
5380,España,ESP,2000,0.26556897,3.7428038,4.1303062,0.91902083,0.51308703
5381,España,ESP,2001,0.2656444,3.738759,4.1491303,0.9193592,0.5186707
5382,España,ESP,2002,0.26569927,3.7476277,4.2152863,0.920559,0.52531534
5383,España,ESP,2003,0.26573914,3.766802,4.311017,0.9220768,0.53182846
5384,España,ESP,2004,0.26577577,3.7885585,4.418193,0.9233383,0.5387039
5385,España,ESP,2005,0.2658265,3.8114219,4.5191884,0.9237578,0.5446762
5386,España,ESP,2006,0.2658833,3.8760362,4.650517,0.923595,0.55223906
5387,España,ESP,2007,0.26592594,3.9983077,4.832557,0.92350537,0.56145084
5388,España,ESP,2008,0.265951,4.146153,5.02229,0.923487,0.57133406
5389,España,ESP,2009,0.26594946,4.281249,5.1769824,0.9235392,0.57930857
5390,España,ESP,2010,0.26592284,4.3695283,5.2538624,0.9236527,0.58327866
5391,España,ESP,2011,0.26588783,4.4169974,5.275168,0.923807,0.5835277
5392,España,ESP,2012,0.26586136,4.459497,5.29284,0.9239837,0.582039
5393,España,ESP,2013,0.26583636,4.494284,5.3067756,0.92416084,0.5783364
5394,España,ESP,2014,0.26580942,4.524759,5.3172936,0.9243143,0.576135
5395,España,ESP,2015,0.26577014,4.549931,5.3248467,0.9244504,0.57605064
5396,España,ESP,2016,0.2656553,4.5881457,5.3299813,0.9245631,0.58009267
5397,España,ESP,2017,0.2655436,4.6281743,5.331112,0.92466897,0.58482724
5398,España,ESP,2018,0.2655401,4.661225,5.1842403,0.9247574,0.5868674
5399,España,ESP,2019,0.2656171,4.704455,4.8611727,0.92482716,0.59025174
5490,Suecia,SWE,1990,0.28247505,4.1926537,4.7261386,0.9692423,0.41253954
5491,Suecia,SWE,1991,0.28243864,4.219642,4.731818,0.9692026,0.4118109
5492,Suecia,SWE,1992,0.28238055,4.2393165,4.7370696,0.9691628,0.41127172
5493,Suecia,SWE,1993,0.2823004,4.254111,4.7416477,0.9691405,0.41101903
5494,Suecia,SWE,1994,0.2822003,4.2628856,4.7453403,0.9691259,0.41121778
5495,Suecia,SWE,1995,0.28208625,4.26665,4.747839,0.9691266,0.41209525
5496,Suecia,SWE,1996,0.2819342,4.2602377,4.7498245,0.96913195,0.41467625
5497,Suecia,SWE,1997,0.28174186,4.2432218,4.751873,0.9691258,0.41965687
5498,Suecia,SWE,1998,0.28153095,4.224361,4.7537622,0.9691176,0.4261799
5499,Suecia,SWE,1999,0.28133804,4.2076826,4.755499,0.9691066,0.43276325
5500,Suecia,SWE,2000,0.28119302,4.1992197,4.75691,0.96909446,0.43789804
5501,Suecia,SWE,2001,0.2810993,4.1991477,4.7599525,0.9697314,0.4413976
5502,Suecia,SWE,2002,0.2810437,4.2021055,4.765343,0.9712562,0.44641316
5503,Suecia,SWE,2003,0.28100553,4.2052155,4.771241,0.97305906,0.45151484
5504,Suecia,SWE,2004,0.28096583,4.2103257,4.7759933,0.9745604,0.45612034
5505,Suecia,SWE,2005,0.2808977,4.2129164,4.777713,0.97516423,0.45930645
5506,Suecia,SWE,2006,0.28073454,4.217909,4.7738914,0.9751218,0.46289718
5507,Suecia,SWE,2007,0.2804766,4.225591,4.7653008,0.9750791,0.46599296
5508,Suecia,SWE,2008,0.28018516,4.234264,4.7554255,0.9750263,0.46931773
5509,Suecia,SWE,2009,0.27991498,4.2407866,4.7479687,0.97497815,0.47211382
5510,Suecia,SWE,2010,0.2797282,4.2407126,4.7463956,0.97492015,0.47481048
5511,Suecia,SWE,2011,0.27963156,4.22631,4.7557306,0.974864,0.47831133
5512,Suecia,SWE,2012,0.27958226,4.1989436,4.7743897,0.9747945,0.48268986
5513,Suecia,SWE,2013,0.2795508,4.1665277,4.7959495,0.97469544,0.48728612
5514,Suecia,SWE,2014,0.27949017,4.1359577,4.814231,0.9745827,0.4914327
5515,Suecia,SWE,2015,0.27936536,4.120638,4.8231792,0.97445,0.49534827
5516,Suecia,SWE,2016,0.27535465,4.11966,4.815395,0.9743236,0.50228727
5517,Suecia,SWE,2017,0.27111426,4.121651,4.804309,0.9741993,0.5089513
5518,Suecia,SWE,2018,0.27053487,4.1201286,4.7994685,0.9740638,0.511898
5519,Suecia,SWE,2019,0.27025598,4.116486,4.795127,0.97393054,0.51417124
5520,Suiza,CHE,1990,0.28226843,4.3947945,6.4558086,0.93338865,0.45546156
5521,Suiza,CHE,1991,0.2819431,4.3783665,6.463797,0.93336517,0.45821488
5522,Suiza,CHE,1992,0.28161117,4.3597436,6.4718676,0.93339217,0.46133587
5523,Suiza,CHE,1993,0.28129566,4.341369,6.479186,0.9334592,0.46458197
5524,Suiza,CHE,1994,0.28101903,4.3204045,6.4852715,0.9335733,0.4676375
5525,Suiza,CHE,1995,0.2808057,4.299311,6.4897356,0.9337286,0.47043008
5526,Suiza,CHE,1996,0.28054866,4.2780943,6.493734,0.93390846,0.4741584
5527,Suiza,CHE,1997,0.28018326,4.252891,6.4987364,0.93409544,0.47823626
5528,Suiza,CHE,1998,0.27979368,4.223983,6.5038986,0.93427557,0.48181355
5529,Suiza,CHE,1999,0.2794646,4.189216,6.508471,0.9344479,0.48490757
5530,Suiza,CHE,2000,0.2792799,4.142584,6.5116677,0.9345964,0.48670807
5531,Suiza,CHE,2001,0.27923554,4.011878,6.5124407,0.93560815,0.48651457
5532,Suiza,CHE,2002,0.27924976,3.7771919,6.511807,0.93784195,0.48370346
5533,Suiza,CHE,2003,0.2792986,3.5133593,6.5112557,0.9404432,0.48048544
5534,Suiza,CHE,2004,0.27935764,3.2970288,6.512515,0.94258314,0.47820917
5535,Suiza,CHE,2005,0.2794013,3.2073069,6.5172462,0.9434283,0.47727862
5536,Suiza,CHE,2006,0.27947813,3.2654638,6.557234,0.9433202,0.4792302
5537,Suiza,CHE,2007,0.27961886,3.403029,6.6427507,0.9431916,0.4818434
5538,Suiza,CHE,2008,0.27978534,3.5664945,6.7428365,0.94303626,0.48557788
5539,Suiza,CHE,2009,0.27993673,3.703967,6.826749,0.94287515,0.4887165
5540,Suiza,CHE,2010,0.28002983,3.7600088,6.863533,0.9427256,0.49069282
5541,Suiza,CHE,2011,0.2800994,3.754557,6.8639407,0.94258153,0.49119282
5542,Suiza,CHE,2012,0.2801868,3.7400513,6.860276,0.9424577,0.49222958
5543,Suiza,CHE,2013,0.28028223,3.722054,6.8540144,0.9423424,0.4915266
5544,Suiza,CHE,2014,0.28037176,3.7073913,6.846777,0.9422369,0.4922007
5545,Suiza,CHE,2015,0.28043953,3.6999056,6.8399982,0.9421385,0.49183723
5546,Suiza,CHE,2016,0.28062987,3.7047162,6.817221,0.9420403,0.4904624
5547,Suiza,CHE,2017,0.28076303,3.7103853,6.7933817,0.94194055,0.4894723
5548,Suiza,CHE,2018,0.28052408,3.7097785,6.78825,0.94183946,0.48961532
5549,Suiza,CHE,2019,0.2799828,3.705447,6.79061,0.9417426,0.4910716
5970,Ucrania,UKR,1990,0.276157,4.2648845,3.109182,0.5217524,0.13016663
5971,Ucrania,UKR,1991,0.2753881,4.328565,3.1115975,0.52168155,0.12800972
5972,Ucrania,UKR,1992,0.27462083,4.387335,3.1115282,0.52162576,0.12563737
5973,Ucrania,UKR,1993,0.27389178,4.437566,3.10949,0.52158684,0.12302267
5974,Ucrania,UKR,1994,0.27323958,4.4742236,3.1059237,0.52155566,0.120182596
5975,Ucrania,UKR,1995,0.27269906,4.4943957,3.1015291,0.52154136,0.11754974
5976,Ucrania,UKR,1996,0.2721024,4.505719,3.0723562,0.521536,0.11404076
5977,Ucrania,UKR,1997,0.27135485,4.5185413,3.0091927,0.5215291,0.10979703
5978,Ucrania,UKR,1998,0.27060363,4.526868,2.934903,0.52152175,0.1057233
5979,Ucrania,UKR,1999,0.26999685,4.531305,2.872401,0.521512,0.102559105
5980,Ucrania,UKR,2000,0.26967925,4.526951,2.8447585,0.5215153,0.10122647
5981,Ucrania,UKR,2001,0.26961565,4.506401,2.8427632,0.5215194,0.10167394
5982,Ucrania,UKR,2002,0.26964414,4.467858,2.8419838,0.5215242,0.102477804
5983,Ucrania,UKR,2003,0.26972553,4.4177523,2.8424397,0.5215347,0.1031663
5984,Ucrania,UKR,2004,0.26982307,4.362677,2.8439982,0.52154255,0.1045638
5985,Ucrania,UKR,2005,0.26989645,4.315122,2.846743,0.5215573,0.105426505
5986,Ucrania,UKR,2006,0.2699782,4.265765,2.8758194,0.5215627,0.1069271
5987,Ucrania,UKR,2007,0.27010795,4.207717,2.9409006,0.5215657,0.109056376
5988,Ucrania,UKR,2008,0.27026373,4.152111,3.0185354,0.52157444,0.11132718
5989,Ucrania,UKR,2009,0.27042964,4.101679,3.084608,0.5215634,0.113309406
5990,Ucrania,UKR,2010,0.27058375,4.0636315,3.1155183,0.5215375,0.114740774
5991,Ucrania,UKR,2011,0.27081847,4.0276003,3.119328,0.5214986,0.11587107
5992,Ucrania,UKR,2012,0.27117696,3.9822237,3.1206193,0.5214586,0.116908
5993,Ucrania,UKR,2013,0.27156687,3.9361966,3.1204603,0.52142155,0.118037246
5994,Ucrania,UKR,2014,0.2718974,3.9005053,3.1196063,0.5213799,0.118681595
5995,Ucrania,UKR,2015,0.2720728,3.8831425,3.1196241,0.52136177,0.11927555
5996,Ucrania,UKR,2016,0.27206576,3.8882422,3.121358,0.5213581,0.12092872
5997,Ucrania,UKR,2017,0.27200583,3.895252,3.1236935,0.5213512,0.12112826
5998,Ucrania,UKR,2018,0.2718183,3.8966324,3.1275187,0.5213445,0.12156914
5999,Ucrania,UKR,2019,0.27143335,3.8973033,3.133128,0.5213342,0.121123455
6030,Reino Unido,GBR,1990,0.2513668,4.55913,4.181258,1.0871071,0.35198843
6031,Reino Unido,GBR,1991,0.25137487,4.476425,4.23005,1.0872802,0.35345984
6032,Reino Unido,GBR,1992,0.25137755,4.4013615,4.2736616,1.0874593,0.35509843
6033,Reino Unido,GBR,1993,0.25137627,4.339763,4.3089237,1.0876302,0.3568267
6034,Reino Unido,GBR,1994,0.2513731,4.296784,4.332686,1.0877843,0.3585464
6035,Reino Unido,GBR,1995,0.25136954,4.278126,4.3418264,1.0879234,0.36033753
6036,Reino Unido,GBR,1996,0.2513455,4.2774725,4.3462067,1.0880368,0.36239153
6037,Reino Unido,GBR,1997,0.25130332,4.2810287,4.355132,1.088148,0.364835
6038,Reino Unido,GBR,1998,0.2512586,4.285986,4.364264,1.0882337,0.36768028
6039,Reino Unido,GBR,1999,0.25122985,4.2886806,4.3693037,1.0882875,0.37062028
6040,Reino Unido,GBR,2000,0.25123382,4.285848,4.3659515,1.0883088,0.3735909
6041,Reino Unido,GBR,2001,0.25126424,4.260686,4.352807,1.0890489,0.37737367
6042,Reino Unido,GBR,2002,0.25131157,4.208306,4.334689,1.0908308,0.38232625
6043,Reino Unido,GBR,2003,0.2513746,4.1442213,4.3161693,1.0929388,0.3877413
6044,Reino Unido,GBR,2004,0.2514536,4.084586,4.3019443,1.0946802,0.39248574
6045,Reino Unido,GBR,2005,0.25154755,4.044324,4.296812,1.0953629,0.39598486
6046,Reino Unido,GBR,2006,0.2517607,4.0178766,4.317473,1.0952826,0.3987877
6047,Reino Unido,GBR,2007,0.2521704,3.991277,4.36564,1.0952265,0.40153196
6048,Reino Unido,GBR,2008,0.2527409,3.9684153,4.4232283,1.0951635,0.40412027
6049,Reino Unido,GBR,2009,0.25343102,3.9519038,4.4722896,1.0950963,0.4062714
6050,Reino Unido,GBR,2010,0.25420037,3.946605,4.4948473,1.0950202,0.40790415
6051,Reino Unido,GBR,2011,0.25662947,3.9695091,4.495006,1.0949289,0.40921468
6052,Reino Unido,GBR,2012,0.2612995,4.0222654,4.4904194,1.0948524,0.41036624
6053,Reino Unido,GBR,2013,0.2666979,4.0842757,4.4834905,1.0947759,0.4115595
6054,Reino Unido,GBR,2014,0.27129802,4.136073,4.4766536,1.0947104,0.41291305
6055,Reino Unido,GBR,2015,0.27356958,4.1568666,4.472304,1.0946536,0.41451535
6056,Reino Unido,GBR,2016,0.27395958,4.1270704,4.458649,1.0945989,0.41880447
6057,Reino Unido,GBR,2017,0.2737891,4.0961256,4.4451113,1.0945523,0.42277446
6058,Reino Unido,GBR,2018,0.26507547,4.094036,4.4479036,1.0945084,0.4241379
6059,Reino Unido,GBR,2019,0.24625693,4.0975676,4.4602027,1.0944765,0.4250394
